-- MySQL dump 10.13  Distrib 8.0.23, for Win64 (x86_64)
--
-- Host: localhost    Database: vk
-- ------------------------------------------------------
-- Server version	8.0.23

/*!40101 SET @OLD_CHARACTER_SET_CLIENT=@@CHARACTER_SET_CLIENT */;
/*!40101 SET @OLD_CHARACTER_SET_RESULTS=@@CHARACTER_SET_RESULTS */;
/*!40101 SET @OLD_COLLATION_CONNECTION=@@COLLATION_CONNECTION */;
/*!50503 SET NAMES utf8mb4 */;
/*!40103 SET @OLD_TIME_ZONE=@@TIME_ZONE */;
/*!40103 SET TIME_ZONE='+00:00' */;
/*!40014 SET @OLD_UNIQUE_CHECKS=@@UNIQUE_CHECKS, UNIQUE_CHECKS=0 */;
/*!40014 SET @OLD_FOREIGN_KEY_CHECKS=@@FOREIGN_KEY_CHECKS, FOREIGN_KEY_CHECKS=0 */;
/*!40101 SET @OLD_SQL_MODE=@@SQL_MODE, SQL_MODE='NO_AUTO_VALUE_ON_ZERO' */;
/*!40111 SET @OLD_SQL_NOTES=@@SQL_NOTES, SQL_NOTES=0 */;

--
-- Table structure for table `communities`
--

DROP TABLE IF EXISTS `communities`;
/*!40101 SET @saved_cs_client     = @@character_set_client */;
/*!50503 SET character_set_client = utf8mb4 */;
CREATE TABLE `communities` (
  `id` int unsigned NOT NULL AUTO_INCREMENT COMMENT '╨Ш╨┤╨╡╨╜╤В╨╕╤Д╨╕╨║╨░╤В╨╛╤А ╤Б╤А╨╛╨║╨╕',
  `name` varchar(150) CHARACTER SET utf8mb4 COLLATE utf8mb4_unicode_ci NOT NULL COMMENT '╨Э╨░╨╖╨▓╨░╨╜╨╕╨╡ ╨│╤А╤Г╨┐╨┐╤Л',
  `created_at` datetime DEFAULT CURRENT_TIMESTAMP COMMENT '╨Т╤А╨╡╨╝╤П ╤Б╨╛╨╖╨┤╨░╨╜╨╕╤П ╤Б╤В╤А╨╛╨║╨╕',
  `updated_at` datetime DEFAULT CURRENT_TIMESTAMP ON UPDATE CURRENT_TIMESTAMP COMMENT '╨Т╤А╨╡╨╝╤П ╨╛╨▒╨╜╨╛╨▓╨╗╨╡╨╜╨╕╤П ╤Б╤В╤А╨╛╨║╨╕',
  PRIMARY KEY (`id`),
  UNIQUE KEY `name` (`name`)
) ENGINE=InnoDB AUTO_INCREMENT=101 DEFAULT CHARSET=utf8mb4 COLLATE=utf8mb4_unicode_ci COMMENT='╨У╤А╤Г╨┐╨┐╤Л';
/*!40101 SET character_set_client = @saved_cs_client */;

--
-- Dumping data for table `communities`
--

LOCK TABLES `communities` WRITE;
/*!40000 ALTER TABLE `communities` DISABLE KEYS */;
INSERT INTO `communities` VALUES (1,'eligendi','2014-02-18 03:38:51','2016-07-26 16:03:05'),(2,'quia','2014-08-02 20:01:27','2016-02-13 20:50:43'),(3,'magni','2012-10-17 23:42:19','2020-09-06 02:15:02'),(4,'ea','2016-01-16 09:44:28','2016-03-31 11:10:42'),(5,'praesentium','2011-12-25 07:39:51','2012-07-05 18:18:26'),(6,'ut','2017-05-07 04:29:34','2018-10-28 14:17:07'),(7,'quas','2017-07-17 14:54:29','2013-07-28 05:01:48'),(8,'omnis','2020-03-20 07:12:24','2020-04-04 06:05:24'),(9,'voluptates','2015-04-13 14:12:59','2016-02-19 06:45:19'),(10,'molestiae','2011-12-06 20:55:45','2014-09-16 22:05:15'),(11,'eius','2016-12-13 22:20:58','2012-11-02 17:39:03'),(12,'voluptas','2012-03-13 22:12:55','2014-08-11 10:33:44'),(13,'labore','2017-04-28 14:07:25','2013-01-10 05:01:47'),(14,'et','2011-11-02 13:32:05','2020-01-12 11:13:39'),(15,'perferendis','2012-10-05 22:06:30','2011-12-04 09:12:42'),(16,'necessitatibus','2012-06-06 12:09:25','2016-10-16 18:40:31'),(17,'nostrum','2012-09-24 03:45:27','2011-09-16 23:40:46'),(18,'commodi','2012-06-26 00:13:34','2013-09-11 16:35:33'),(19,'sed','2011-07-02 09:52:51','2012-03-22 20:58:54'),(20,'qui','2013-06-14 21:18:36','2012-10-05 10:50:24'),(21,'repudiandae','2013-07-11 15:51:58','2015-10-09 19:57:00'),(22,'dolores','2015-01-14 12:33:55','2015-02-28 17:14:13'),(23,'in','2011-08-08 08:35:35','2011-03-13 21:41:03'),(24,'consequatur','2013-08-01 16:08:21','2015-07-27 17:31:23'),(25,'maxime','2012-07-23 02:32:32','2012-05-29 19:10:01'),(26,'dolorum','2013-04-25 06:46:51','2015-04-07 06:17:41'),(27,'molestias','2017-10-16 02:02:29','2013-01-27 13:53:27'),(28,'id','2018-03-24 15:14:42','2014-05-30 02:07:43'),(29,'minima','2014-12-10 23:39:17','2011-02-21 02:56:34'),(30,'cum','2017-03-13 07:06:24','2019-08-21 10:27:11'),(31,'placeat','2019-02-16 09:01:29','2015-11-13 08:51:55'),(32,'eveniet','2020-07-08 03:05:56','2017-12-06 21:28:49'),(33,'enim','2012-09-14 04:49:15','2017-03-24 06:53:13'),(34,'quaerat','2013-11-24 02:12:16','2014-11-22 11:19:57'),(35,'deserunt','2012-04-01 20:02:38','2011-10-05 22:57:06'),(36,'ipsum','2018-12-03 07:16:45','2020-07-05 03:41:57'),(37,'consectetur','2011-05-30 06:58:16','2016-04-24 04:52:24'),(38,'aspernatur','2014-12-24 17:38:16','2011-09-29 19:52:09'),(39,'aliquam','2012-02-26 03:33:20','2011-06-06 20:50:12'),(40,'similique','2018-04-02 23:43:33','2021-02-01 13:54:08'),(41,'atque','2014-12-17 19:14:12','2018-03-18 01:26:59'),(42,'error','2016-09-09 20:18:43','2017-12-15 16:43:38'),(43,'sit','2011-04-06 14:20:41','2018-01-22 23:45:23'),(44,'laborum','2012-03-03 23:44:00','2012-12-07 13:53:51'),(45,'non','2019-06-20 14:53:37','2012-08-05 01:27:40'),(46,'est','2012-07-26 19:17:00','2020-02-06 16:36:22'),(47,'tempora','2020-04-16 09:21:55','2017-06-17 04:06:00'),(48,'accusamus','2011-10-29 21:10:54','2013-11-14 07:29:35'),(49,'magnam','2013-02-25 09:59:18','2019-07-13 06:55:21'),(50,'ipsa','2020-03-07 20:06:17','2013-06-11 04:11:59'),(51,'natus','2015-10-27 09:20:50','2015-03-25 05:40:55'),(52,'velit','2016-09-27 09:06:31','2015-03-05 06:34:20'),(53,'deleniti','2019-05-21 19:43:02','2012-01-03 04:00:12'),(54,'veritatis','2015-08-15 03:36:52','2011-04-08 17:22:14'),(55,'saepe','2013-09-27 03:09:27','2015-03-10 17:21:42'),(56,'aut','2015-02-18 20:32:38','2017-08-02 02:08:35'),(57,'delectus','2013-04-30 21:49:17','2019-01-29 10:51:51'),(58,'iste','2020-08-26 19:31:45','2014-11-27 12:47:09'),(59,'cumque','2019-10-03 22:53:52','2016-07-05 23:46:18'),(60,'quasi','2020-04-10 02:20:17','2020-01-23 00:35:44'),(61,'dolore','2015-03-07 01:04:03','2019-10-03 08:17:17'),(62,'impedit','2018-03-14 19:53:45','2019-10-11 08:05:06'),(63,'vero','2017-12-20 01:53:10','2013-10-06 09:05:05'),(64,'dolorem','2013-08-09 18:33:22','2020-01-13 05:38:23'),(65,'consequuntur','2015-08-31 07:49:14','2014-02-28 10:35:58'),(66,'cupiditate','2017-02-07 22:06:02','2020-03-26 22:20:57'),(67,'officia','2018-11-11 14:53:30','2011-04-20 05:22:26'),(68,'dolor','2020-04-22 07:19:37','2020-12-09 10:22:40'),(69,'facere','2014-05-12 02:53:51','2011-03-21 05:34:25'),(70,'incidunt','2017-10-27 12:53:20','2018-03-04 13:53:03'),(71,'eum','2014-11-11 19:37:29','2016-01-19 01:18:26'),(72,'soluta','2011-08-10 16:09:57','2020-09-11 09:58:19'),(73,'corporis','2014-03-31 21:02:46','2011-10-30 20:08:22'),(74,'sint','2011-08-21 14:15:22','2014-09-20 17:08:13'),(75,'nulla','2012-08-31 11:37:39','2019-09-09 11:13:27'),(76,'sunt','2019-05-10 05:34:02','2013-06-14 06:50:43'),(77,'at','2017-02-11 15:10:07','2014-06-23 02:55:30'),(78,'autem','2020-02-16 21:13:27','2012-10-29 23:39:48'),(79,'temporibus','2011-10-26 12:00:16','2012-09-24 08:16:50'),(80,'nesciunt','2018-07-25 17:58:31','2020-05-16 04:32:28'),(81,'inventore','2014-02-03 23:03:05','2016-02-20 16:36:58'),(82,'distinctio','2020-06-12 09:47:16','2019-01-28 22:12:09'),(83,'quibusdam','2011-05-10 11:33:25','2016-03-30 18:10:04'),(84,'assumenda','2016-10-31 10:59:17','2018-11-03 02:13:14'),(85,'repellendus','2012-10-23 11:40:36','2021-01-14 04:21:16'),(86,'fuga','2017-02-21 12:39:38','2020-06-01 10:46:16'),(87,'amet','2019-04-20 13:36:19','2019-01-17 20:08:57'),(88,'aperiam','2014-10-29 17:59:20','2017-06-20 07:17:00'),(89,'nihil','2015-09-28 20:43:39','2017-07-11 15:41:55'),(90,'modi','2012-06-24 06:01:54','2013-05-07 18:05:05'),(91,'porro','2012-03-21 15:59:56','2015-12-12 06:46:35'),(92,'pariatur','2012-08-24 05:36:44','2015-05-09 05:27:12'),(93,'voluptatibus','2014-01-04 12:16:14','2017-05-04 00:45:49'),(94,'sapiente','2013-03-20 18:58:56','2016-01-20 10:30:05'),(95,'laudantium','2017-12-14 15:08:23','2016-10-10 22:45:38'),(96,'odit','2019-07-29 16:08:33','2012-02-07 00:01:23'),(97,'iusto','2016-04-21 17:21:05','2015-08-19 06:38:38'),(98,'hic','2016-11-19 10:13:22','2014-09-13 16:21:08'),(99,'ex','2020-03-30 20:59:46','2018-09-21 02:50:02'),(100,'numquam','2012-08-18 01:21:40','2016-08-19 21:30:45');
/*!40000 ALTER TABLE `communities` ENABLE KEYS */;
UNLOCK TABLES;

--
-- Table structure for table `communities_users`
--

DROP TABLE IF EXISTS `communities_users`;
/*!40101 SET @saved_cs_client     = @@character_set_client */;
/*!50503 SET character_set_client = utf8mb4 */;
CREATE TABLE `communities_users` (
  `community_id` int unsigned NOT NULL COMMENT '╨б╤Б╤Л╨╗╨║╨░ ╨╜╨░ ╨│╤А╤Г╨┐╨┐╤Г',
  `user_id` int unsigned NOT NULL COMMENT '╨б╤Б╤Л╨╗╨║╨░ ╨╜╨░ ╨┐╨╛╨╗╤М╨╖╨╛╨▓╨░╤В╨╡╨╗╤П',
  `created_at` datetime DEFAULT CURRENT_TIMESTAMP COMMENT '╨Т╤А╨╡╨╝╤П ╤Б╨╛╨╖╨┤╨░╨╜╨╕╤П ╤Б╤В╤А╨╛╨║╨╕',
  PRIMARY KEY (`community_id`,`user_id`) COMMENT '╨б╨╛╤Б╤В╨░╨▓╨╜╨╛╨╣ ╨┐╨╡╤А╨▓╨╕╤З╨╜╤Л╨╣ ╨║╨╗╤О╤З'
) ENGINE=InnoDB DEFAULT CHARSET=utf8mb4 COLLATE=utf8mb4_unicode_ci COMMENT='╨г╤З╨░╤Б╤В╨╜╨╕╨║╨╕ ╨│╤А╤Г╨┐╨┐, ╤Б╨▓╤П╨╖╤М ╨╝╨╡╨╢╨┤╤Г ╨┐╨╛╨╗╤М╨╖╨╛╨▓╨░╤В╨╡╨╗╤П╨╝╨╕ ╨╕ ╨│╤А╤Г╨┐╨┐╨░╨╝╨╕';
/*!40101 SET character_set_client = @saved_cs_client */;

--
-- Dumping data for table `communities_users`
--

LOCK TABLES `communities_users` WRITE;
/*!40000 ALTER TABLE `communities_users` DISABLE KEYS */;
INSERT INTO `communities_users` VALUES (1,1,'2013-07-14 08:09:09'),(2,2,'2013-11-06 21:49:13'),(3,3,'2015-05-13 17:54:40'),(4,4,'2016-03-02 07:05:22'),(5,5,'2017-03-21 15:09:23'),(6,6,'2011-09-27 06:20:13'),(7,7,'2017-09-23 13:48:58'),(8,8,'2018-05-06 17:29:33'),(9,9,'2016-07-30 07:08:07'),(10,10,'2015-10-22 14:15:46'),(11,11,'2015-01-06 13:11:20'),(12,12,'2016-09-02 10:10:06'),(13,13,'2012-03-01 19:06:22'),(14,14,'2020-07-21 09:40:28'),(15,15,'2014-02-16 06:51:42'),(16,16,'2015-10-21 00:47:22'),(17,17,'2013-06-30 19:15:32'),(18,18,'2011-10-06 06:37:39'),(19,19,'2015-09-15 10:35:02'),(20,20,'2015-11-15 15:51:30'),(21,21,'2019-09-22 19:27:45'),(22,22,'2013-10-28 03:44:20'),(23,23,'2016-10-15 16:08:49'),(24,24,'2018-03-01 20:20:44'),(25,25,'2020-04-14 00:06:35'),(26,26,'2016-01-14 19:10:52'),(27,27,'2012-08-05 10:53:32'),(28,28,'2016-01-06 00:14:52'),(29,29,'2016-08-04 17:07:35'),(30,30,'2012-09-04 12:34:27'),(31,31,'2012-03-24 09:52:44'),(32,32,'2017-07-12 15:25:19'),(33,33,'2019-10-01 13:55:02'),(34,34,'2015-08-23 05:30:06'),(35,35,'2017-08-16 10:39:58'),(36,36,'2015-08-22 13:35:51'),(37,37,'2014-06-13 19:54:59'),(38,38,'2017-09-09 02:27:59'),(39,39,'2015-05-06 11:53:20'),(40,40,'2012-04-24 14:52:45'),(41,41,'2011-09-28 16:24:14'),(42,42,'2016-07-05 21:15:02'),(43,43,'2019-01-09 16:22:44'),(44,44,'2011-11-10 05:59:34'),(45,45,'2018-05-10 13:05:50'),(46,46,'2011-06-23 17:17:50'),(47,47,'2014-03-23 04:05:58'),(48,48,'2020-09-23 07:33:00'),(49,49,'2015-09-01 12:19:00'),(50,50,'2016-01-15 16:32:24'),(51,51,'2014-12-29 05:01:46'),(52,52,'2016-04-06 22:05:55'),(53,53,'2017-12-21 13:04:06'),(54,54,'2013-08-07 06:38:58'),(55,55,'2015-09-14 03:28:44'),(56,56,'2012-05-18 10:35:12'),(57,57,'2014-03-27 01:53:18'),(58,58,'2013-07-09 10:12:26'),(59,59,'2016-05-30 00:02:09'),(60,60,'2019-12-11 13:19:17'),(61,61,'2016-07-06 14:37:02'),(62,62,'2018-06-12 05:44:14'),(63,63,'2012-04-26 07:04:10'),(64,64,'2014-06-18 16:31:48'),(65,65,'2016-12-19 16:38:02'),(66,66,'2014-11-24 14:04:34'),(67,67,'2013-05-29 00:42:30'),(68,68,'2011-06-08 22:01:59'),(69,69,'2013-04-01 22:24:00'),(70,70,'2019-05-18 23:55:46'),(71,71,'2012-05-28 23:26:21'),(72,72,'2018-09-08 16:37:17'),(73,73,'2013-12-22 18:35:02'),(74,74,'2020-05-29 08:36:53'),(75,75,'2020-01-01 17:19:45'),(76,76,'2017-11-06 23:03:36'),(77,77,'2011-06-19 15:24:56'),(78,78,'2019-11-08 03:23:25'),(79,79,'2018-08-24 21:30:48'),(80,80,'2012-11-28 10:34:15'),(81,81,'2015-04-08 21:27:07'),(82,82,'2012-12-13 07:52:36'),(83,83,'2012-02-25 23:57:15'),(84,84,'2018-12-13 23:14:07'),(85,85,'2011-03-01 21:00:53'),(86,86,'2019-08-13 12:26:39'),(87,87,'2015-04-22 12:53:15'),(88,88,'2016-08-30 09:34:39'),(89,89,'2013-11-22 15:12:49'),(90,90,'2018-04-20 18:52:09'),(91,91,'2012-11-21 14:52:00'),(92,92,'2015-03-31 19:47:04'),(93,93,'2013-10-19 07:23:27'),(94,94,'2020-07-12 00:22:15'),(95,95,'2017-03-25 22:33:20'),(96,96,'2019-11-06 10:05:29'),(97,97,'2016-11-11 11:32:30'),(98,98,'2018-11-26 18:40:18'),(99,99,'2016-05-20 20:33:56'),(100,100,'2016-11-11 01:16:33');
/*!40000 ALTER TABLE `communities_users` ENABLE KEYS */;
UNLOCK TABLES;

--
-- Table structure for table `friendship`
--

DROP TABLE IF EXISTS `friendship`;
/*!40101 SET @saved_cs_client     = @@character_set_client */;
/*!50503 SET character_set_client = utf8mb4 */;
CREATE TABLE `friendship` (
  `user_id` int unsigned NOT NULL COMMENT '╨б╤Б╤Л╨╗╨║╨░ ╨╜╨░ ╨╕╨╜╨╕╤Ж╨╕╨░╤В╨╛╤А╨░ ╨┤╤А╤Г╨╢╨╡╤Б╨║╨╕╤Е ╨╛╤В╨╜╨╛╤И╨╡╨╜╨╕╨╣',
  `friend_id` int unsigned NOT NULL COMMENT '╨б╤Б╤Л╨╗╨║╨░ ╨╜╨░ ╨┐╨╛╨╗╤Г╤З╨░╤В╨╡╨╗╤П ╨┐╤А╨╕╨│╨╗╨░╤И╨╡╨╜╨╕╤П ╨┤╤А╤Г╨╢╨╕╤В╤М',
  `friendship_status_id` int unsigned NOT NULL COMMENT '╨б╤Б╤Л╨╗╨║╨░ ╨╜╨░ ╤Б╤В╨░╤В╤Г╤Б (╤В╨╡╨║╤Г╤Й╨╡╨╡ ╤Б╨╛╤Б╤В╨╛╤П╨╜╨╕╨╡) ╨╛╤В╨╜╨╛╤И╨╡╨╜╨╕╨╣',
  `requested_at` datetime DEFAULT CURRENT_TIMESTAMP COMMENT '╨Т╤А╨╡╨╝╤П ╨╛╤В╨┐╤А╨░╨▓╨╗╨╡╨╜╨╕╤П ╨┐╤А╨╕╨│╨╗╨░╤И╨╡╨╜╨╕╤П ╨┤╤А╤Г╨╢╨╕╤В╤М',
  `confirmed_at` datetime DEFAULT NULL COMMENT '╨Т╤А╨╡╨╝╤П ╨┐╨╛╨┤╤В╨▓╨╡╤А╨╢╨┤╨╡╨╜╨╕╤П ╨┐╤А╨╕╨│╨╗╨░╤И╨╡╨╜╨╕╤П',
  `created_at` datetime DEFAULT CURRENT_TIMESTAMP COMMENT '╨Т╤А╨╡╨╝╤П ╤Б╨╛╨╖╨┤╨░╨╜╨╕╤П ╤Б╤В╤А╨╛╨║╨╕',
  `updated_at` datetime DEFAULT CURRENT_TIMESTAMP ON UPDATE CURRENT_TIMESTAMP COMMENT '╨Т╤А╨╡╨╝╤П ╨╛╨▒╨╜╨╛╨▓╨╗╨╡╨╜╨╕╤П ╤Б╤В╤А╨╛╨║╨╕',
  PRIMARY KEY (`user_id`,`friend_id`) COMMENT '╨б╨╛╤Б╤В╨░╨▓╨╜╨╛╨╣ ╨┐╨╡╤А╨▓╨╕╤З╨╜╤Л╨╣ ╨║╨╗╤О╤З'
) ENGINE=InnoDB DEFAULT CHARSET=utf8mb4 COLLATE=utf8mb4_unicode_ci COMMENT='╨в╨░╨▒╨╗╨╕╤Ж╨░ ╨┤╤А╤Г╨╢╨▒╤Л';
/*!40101 SET character_set_client = @saved_cs_client */;

--
-- Dumping data for table `friendship`
--

LOCK TABLES `friendship` WRITE;
/*!40000 ALTER TABLE `friendship` DISABLE KEYS */;
INSERT INTO `friendship` VALUES (1,91,2,'2018-09-06 13:25:09','2015-12-07 22:40:14','2012-01-30 02:43:17','2016-05-13 09:02:10'),(2,84,1,'2012-11-24 02:23:33','2020-05-26 23:28:01','2018-06-11 05:58:38','2018-06-29 22:25:05'),(3,14,2,'2020-06-15 16:36:34','2012-06-23 12:28:33','2019-09-07 02:34:15','2018-05-21 21:22:11'),(4,23,2,'2014-07-08 05:28:51','2019-05-23 17:33:21','2018-05-29 10:24:17','2019-02-19 12:08:27'),(5,9,1,'2017-07-09 03:24:15','2020-07-29 15:15:49','2020-08-24 20:11:09','2021-01-06 17:49:37'),(6,51,1,'2017-06-28 17:57:04','2012-10-09 09:47:02','2020-04-13 22:20:05','2015-12-09 22:25:03'),(7,5,2,'2016-02-05 08:05:12','2018-09-25 03:11:25','2012-11-19 06:48:35','2020-11-14 09:55:12'),(8,35,1,'2011-04-07 01:30:27','2014-05-13 01:23:03','2020-02-22 05:26:03','2015-07-11 21:47:45'),(9,64,1,'2018-01-26 08:33:49','2012-07-11 13:47:43','2020-11-23 00:38:06','2017-12-16 22:15:39'),(10,92,2,'2014-01-16 08:07:19','2015-01-03 18:58:21','2012-01-05 00:21:44','2018-06-09 01:30:47'),(11,29,1,'2020-06-09 16:53:35','2016-01-27 10:15:37','2012-02-22 22:39:02','2014-07-19 21:47:02'),(12,87,2,'2013-11-20 05:08:54','2017-10-06 13:32:13','2014-07-17 21:37:58','2017-10-26 10:42:04'),(13,41,1,'2016-04-19 09:01:28','2014-09-07 01:41:12','2018-04-29 08:32:09','2013-05-20 22:59:41'),(14,43,2,'2020-07-18 01:11:18','2021-02-01 06:41:26','2015-10-20 01:53:36','2019-05-22 11:51:22'),(15,37,2,'2015-09-25 13:58:06','2020-10-04 05:13:06','2014-10-12 15:20:57','2015-01-28 20:56:50'),(16,96,2,'2012-02-29 13:17:07','2014-10-10 15:45:43','2015-05-11 15:25:11','2019-09-26 02:25:25'),(17,63,1,'2012-10-06 02:01:39','2018-11-01 04:57:41','2013-07-13 19:33:47','2015-02-14 20:38:21'),(18,27,2,'2013-07-10 07:36:51','2017-01-08 16:49:00','2013-05-29 03:02:45','2013-06-03 02:04:03'),(19,65,1,'2012-11-14 05:23:24','2014-10-17 20:56:30','2013-10-03 12:01:12','2012-07-18 19:15:47'),(20,81,1,'2017-10-06 13:31:56','2020-08-29 23:23:25','2017-05-28 09:59:33','2011-05-26 06:02:54'),(21,33,2,'2016-11-03 20:47:22','2013-12-31 06:07:06','2013-01-02 11:57:42','2019-06-29 11:20:18'),(22,68,2,'2011-04-24 22:24:57','2020-06-30 09:36:20','2013-12-17 20:13:43','2020-07-29 10:27:32'),(23,34,2,'2011-09-12 18:18:57','2018-06-20 19:35:02','2019-12-03 20:44:40','2017-02-08 00:55:09'),(24,4,1,'2014-04-05 11:51:15','2016-09-22 22:09:02','2015-03-22 08:01:59','2015-11-17 23:20:31'),(25,32,1,'2012-05-03 02:41:10','2015-07-13 05:28:26','2016-01-02 02:37:56','2018-01-08 12:53:45'),(26,17,2,'2015-08-17 17:19:55','2012-08-04 08:51:05','2013-03-13 01:34:44','2017-12-08 22:01:04'),(27,76,2,'2011-12-26 11:40:42','2012-09-06 13:33:09','2018-02-12 09:22:08','2013-04-09 01:11:23'),(28,75,1,'2016-11-30 07:45:53','2019-05-14 11:46:34','2017-12-26 17:11:21','2019-11-01 07:07:42'),(29,15,1,'2017-05-27 20:02:26','2018-09-13 19:15:46','2011-10-23 18:18:34','2011-03-12 18:20:55'),(30,50,2,'2013-03-03 08:55:33','2016-02-05 20:53:05','2013-10-20 12:34:00','2015-04-06 05:22:18'),(31,72,1,'2015-07-10 22:12:13','2017-01-12 23:07:06','2021-01-08 13:50:54','2018-01-10 19:30:05'),(32,69,1,'2012-03-20 19:06:18','2020-12-11 08:29:30','2017-05-12 16:11:35','2020-03-25 23:37:45'),(33,10,2,'2015-06-24 22:08:38','2014-09-17 02:37:24','2015-12-14 17:12:31','2011-12-01 11:41:36'),(34,78,1,'2012-03-20 01:54:46','2016-08-04 20:08:59','2016-07-10 14:20:45','2019-08-07 00:32:02'),(35,7,1,'2016-02-21 03:06:45','2016-05-30 04:47:27','2015-08-02 02:55:30','2013-09-03 14:48:26'),(36,60,2,'2013-05-23 08:38:44','2018-04-26 14:51:42','2016-05-26 00:28:18','2017-04-23 11:06:45'),(37,36,2,'2012-04-25 13:57:31','2012-09-20 18:49:05','2017-02-04 13:46:13','2011-05-15 07:53:03'),(38,38,1,'2014-03-30 08:54:30','2018-02-10 16:58:46','2015-11-16 20:29:43','2014-07-11 11:52:59'),(39,31,2,'2011-05-06 09:56:43','2015-09-24 12:57:16','2020-07-19 07:04:18','2012-05-01 05:01:06'),(40,48,1,'2020-03-05 22:12:58','2016-08-06 20:53:01','2013-05-16 02:21:07','2018-08-07 20:53:32'),(41,57,2,'2015-05-15 14:13:16','2014-03-20 04:52:18','2017-03-14 19:59:49','2016-01-22 17:03:35'),(42,66,1,'2020-03-22 17:27:49','2021-02-10 07:32:27','2013-12-08 02:26:54','2011-08-09 10:09:18'),(43,18,1,'2013-06-16 11:07:28','2018-03-07 15:31:00','2011-07-17 11:41:45','2011-07-31 07:19:50'),(44,97,2,'2013-05-15 02:59:00','2016-06-22 02:55:45','2014-12-08 18:03:13','2015-04-26 22:30:16'),(45,22,1,'2020-01-30 07:09:34','2014-05-16 08:34:35','2018-11-10 13:51:25','2018-02-11 01:29:47'),(46,73,2,'2017-07-28 06:16:39','2017-12-16 21:42:06','2012-03-29 09:49:14','2014-05-19 18:55:27'),(47,1,1,'2017-12-12 11:11:20','2016-03-24 12:14:59','2018-02-24 03:49:08','2013-10-27 07:41:32'),(48,71,2,'2017-06-28 21:00:56','2017-01-08 23:49:22','2011-10-05 02:57:36','2018-09-22 13:35:30'),(49,16,1,'2019-10-15 06:39:19','2014-08-15 06:22:38','2018-05-07 03:36:51','2019-10-19 01:09:36'),(50,28,1,'2013-05-21 19:27:41','2014-09-07 19:40:39','2017-12-19 18:02:25','2014-02-08 10:55:09'),(51,77,1,'2018-03-08 19:28:50','2014-09-30 00:19:58','2014-09-29 08:44:24','2018-11-17 05:07:31'),(52,70,2,'2014-10-15 09:49:24','2019-08-12 19:57:37','2016-04-25 01:34:02','2011-06-22 17:10:59'),(53,54,1,'2013-09-14 20:22:44','2014-09-07 23:03:12','2016-06-23 09:31:31','2020-05-17 10:26:37'),(54,99,1,'2013-04-10 08:32:04','2017-07-18 09:32:47','2016-01-12 15:54:45','2020-01-29 22:05:10'),(55,62,2,'2011-11-17 01:35:57','2020-12-25 03:38:01','2019-03-29 01:25:15','2013-05-19 08:57:19'),(56,39,2,'2019-05-01 19:52:56','2013-07-03 01:46:43','2017-01-08 21:17:04','2014-08-25 21:56:01'),(57,45,1,'2012-12-19 11:49:37','2019-06-25 21:52:15','2017-11-18 15:55:04','2019-07-29 04:51:19'),(58,79,1,'2017-03-09 13:32:08','2013-11-04 23:03:26','2013-06-23 08:18:47','2017-05-29 04:41:04'),(59,20,1,'2020-11-28 23:28:44','2012-01-30 14:58:25','2015-03-10 14:46:15','2016-11-05 22:19:05'),(60,46,2,'2013-03-15 13:04:02','2016-02-09 19:59:19','2018-09-24 09:37:34','2019-09-12 20:12:24'),(61,24,2,'2014-11-15 02:30:30','2015-09-23 20:19:28','2018-09-23 16:26:22','2017-07-29 12:17:44'),(62,95,2,'2020-08-24 23:42:09','2016-07-22 11:13:51','2015-07-04 16:49:01','2018-08-26 02:49:38'),(63,100,2,'2019-08-02 17:43:18','2020-03-21 14:43:55','2014-03-09 03:50:48','2019-05-05 11:11:35'),(64,44,1,'2020-05-12 11:04:56','2020-02-25 09:25:13','2016-06-24 20:14:15','2016-07-31 06:07:11'),(65,2,1,'2012-02-29 12:34:42','2011-04-21 07:14:00','2017-01-24 21:31:08','2012-02-18 01:49:15'),(66,80,2,'2011-07-29 09:54:15','2017-07-11 04:46:37','2016-06-30 15:15:14','2017-08-24 00:46:27'),(67,13,1,'2017-06-09 19:41:37','2020-10-24 14:18:06','2019-06-20 18:11:48','2014-03-04 11:39:21'),(68,59,1,'2011-12-09 05:27:10','2019-03-17 17:27:12','2018-11-20 11:37:28','2015-01-18 22:45:25'),(69,93,2,'2014-03-12 21:49:36','2014-03-04 00:27:43','2014-06-02 09:21:10','2012-08-12 12:41:24'),(70,67,2,'2015-11-27 02:21:29','2016-12-20 16:52:05','2015-12-03 23:34:40','2018-12-11 14:23:23'),(71,74,2,'2017-02-24 09:56:59','2018-04-20 17:44:18','2013-01-29 23:47:56','2018-03-17 04:05:09'),(72,11,2,'2017-01-25 19:43:19','2017-05-30 03:33:31','2019-04-24 17:18:05','2020-01-03 06:28:32'),(73,58,1,'2020-10-26 03:30:19','2015-03-22 10:07:16','2014-08-06 21:51:15','2012-08-21 04:50:00'),(74,30,2,'2013-01-08 21:46:03','2016-01-27 02:54:00','2016-01-02 20:14:11','2016-05-20 11:52:12'),(75,19,2,'2014-10-14 17:40:36','2020-07-16 17:44:58','2018-08-17 12:02:50','2018-03-02 19:20:28'),(76,42,1,'2018-02-28 00:05:33','2020-01-26 04:40:48','2013-06-06 23:54:29','2012-05-30 11:52:05'),(77,85,1,'2018-11-14 05:27:29','2011-06-23 21:39:44','2014-01-30 09:03:15','2016-01-14 11:51:21'),(78,94,2,'2011-08-09 12:34:09','2015-12-27 15:09:03','2015-10-04 17:34:31','2011-09-12 06:23:55'),(79,86,2,'2018-11-28 06:13:48','2015-03-22 22:15:00','2018-12-13 23:42:08','2019-08-29 18:57:10'),(80,40,1,'2019-10-10 06:50:22','2020-06-11 14:08:18','2018-10-13 22:12:51','2018-03-17 20:08:06'),(81,88,2,'2012-02-18 12:58:12','2015-09-28 11:18:21','2015-07-24 17:24:15','2018-04-09 07:03:34'),(82,12,1,'2016-02-27 09:50:05','2012-09-16 08:33:48','2015-12-27 01:09:34','2012-07-22 02:30:44'),(83,98,2,'2015-08-08 04:58:20','2012-02-12 11:20:41','2011-10-12 22:27:05','2012-08-07 09:28:35'),(84,53,2,'2012-08-08 16:25:33','2018-05-16 19:12:36','2015-01-14 20:27:40','2015-04-09 08:39:22'),(85,89,1,'2013-08-27 16:54:39','2015-11-11 22:06:07','2012-02-23 11:26:33','2015-07-21 17:29:03'),(86,56,2,'2016-02-02 02:11:09','2015-05-23 04:04:59','2018-12-15 08:20:04','2013-06-24 23:09:34'),(87,25,1,'2011-10-30 21:29:44','2020-06-12 10:46:36','2018-03-27 00:04:48','2021-01-20 21:50:28'),(88,47,2,'2017-11-01 15:01:38','2019-01-18 07:48:21','2016-03-07 15:04:08','2016-07-11 07:25:33'),(89,83,2,'2017-09-01 07:11:00','2015-12-01 19:53:30','2019-09-01 15:13:05','2015-09-01 17:16:25'),(90,61,2,'2019-04-29 08:04:40','2014-12-15 17:34:32','2011-03-08 13:15:14','2017-03-10 22:08:34'),(91,3,1,'2014-09-29 04:26:57','2015-06-26 09:45:25','2017-08-14 20:08:15','2015-08-16 17:35:34'),(92,52,2,'2017-08-10 18:47:53','2013-04-04 14:21:40','2014-12-09 02:26:25','2017-02-24 13:56:59'),(93,26,2,'2016-06-23 03:45:55','2014-08-05 04:29:41','2011-12-02 08:14:07','2018-07-01 17:47:20'),(94,8,2,'2014-11-19 16:30:06','2015-06-28 04:03:59','2019-06-24 22:30:09','2019-09-01 04:17:15'),(95,6,1,'2021-02-05 19:22:32','2020-09-12 17:17:53','2012-02-25 15:17:49','2012-11-30 15:16:25'),(96,82,1,'2011-04-05 04:27:01','2012-01-01 14:30:33','2019-07-18 23:11:47','2017-05-07 05:18:46'),(97,21,2,'2014-12-31 16:04:18','2020-09-23 03:59:53','2014-03-17 18:41:29','2011-08-27 21:56:48'),(98,49,1,'2012-09-29 08:50:37','2011-10-01 09:22:28','2012-02-23 04:39:43','2013-02-12 17:28:29'),(99,55,1,'2018-12-11 03:58:57','2013-02-13 06:06:25','2017-07-04 19:41:55','2017-01-18 11:01:21'),(100,90,1,'2016-02-27 07:08:40','2018-08-23 22:30:11','2020-04-22 21:34:22','2019-12-11 01:58:58');
/*!40000 ALTER TABLE `friendship` ENABLE KEYS */;
UNLOCK TABLES;

--
-- Table structure for table `friendship_statuses`
--

DROP TABLE IF EXISTS `friendship_statuses`;
/*!40101 SET @saved_cs_client     = @@character_set_client */;
/*!50503 SET character_set_client = utf8mb4 */;
CREATE TABLE `friendship_statuses` (
  `id` int unsigned NOT NULL AUTO_INCREMENT COMMENT '╨Ш╨┤╨╡╨╜╤В╨╕╤Д╨╕╨║╨░╤В╨╛╤А ╤Б╤В╤А╨╛╨║╨╕',
  `name` varchar(150) CHARACTER SET utf8mb4 COLLATE utf8mb4_unicode_ci NOT NULL COMMENT '╨Э╨░╨╖╨▓╨░╨╜╨╕╨╡ ╤Б╤В╨░╤В╤Г╤Б╨░',
  `created_at` datetime DEFAULT CURRENT_TIMESTAMP COMMENT '╨Т╤А╨╡╨╝╤П ╤Б╨╛╨╖╨┤╨░╨╜╨╕╤П ╤Б╤В╤А╨╛╨║╨╕',
  `updated_at` datetime DEFAULT CURRENT_TIMESTAMP ON UPDATE CURRENT_TIMESTAMP COMMENT '╨Т╤А╨╡╨╝╤П ╨╛╨▒╨╜╨╛╨▓╨╗╨╡╨╜╨╕╤П ╤Б╤В╤А╨╛╨║╨╕',
  PRIMARY KEY (`id`),
  UNIQUE KEY `name` (`name`)
) ENGINE=InnoDB AUTO_INCREMENT=3 DEFAULT CHARSET=utf8mb4 COLLATE=utf8mb4_unicode_ci COMMENT='╨б╤В╨░╤В╤Г╤Б╤Л ╨┤╤А╤Г╨╢╨▒╤Л';
/*!40101 SET character_set_client = @saved_cs_client */;

--
-- Dumping data for table `friendship_statuses`
--

LOCK TABLES `friendship_statuses` WRITE;
/*!40000 ALTER TABLE `friendship_statuses` DISABLE KEYS */;
INSERT INTO `friendship_statuses` VALUES (1,'friend','2016-08-19 17:10:15','2020-08-05 10:28:48'),(2,' not friend','2016-06-28 06:14:54','2017-11-15 02:18:11');
/*!40000 ALTER TABLE `friendship_statuses` ENABLE KEYS */;
UNLOCK TABLES;

--
-- Table structure for table `media`
--

DROP TABLE IF EXISTS `media`;
/*!40101 SET @saved_cs_client     = @@character_set_client */;
/*!50503 SET character_set_client = utf8mb4 */;
CREATE TABLE `media` (
  `id` int unsigned NOT NULL AUTO_INCREMENT COMMENT '╨Ш╨┤╨╡╨╜╤В╨╕╤Д╨╕╨║╨░╤В╨╛╤А ╤Б╤В╤А╨╛╨║╨╕',
  `user_id` int unsigned NOT NULL COMMENT '╨б╤Б╤Л╨╗╨║╨░ ╨╜╨░ ╨┐╨╛╨╗╤М╨╖╨╛╨▓╨░╤В╨╡╨╗╤П, ╨║╨╛╤В╨╛╤А╤Л╨╣ ╨╖╨░╨│╤А╤Г╨╖╨╕╨╗ ╤Д╨░╨╣╨╗',
  `filename` varchar(255) CHARACTER SET utf8mb4 COLLATE utf8mb4_unicode_ci NOT NULL COMMENT '╨Я╤Г╤В╤М ╨║ ╤Д╨░╨╣╨╗╤Г',
  `size` int NOT NULL COMMENT '╨а╨░╨╖╨╝╨╡╤А ╤Д╨░╨╣╨╗╨░',
  `metadata` longtext CHARACTER SET utf8mb4 COLLATE utf8mb4_bin COMMENT '╨Ь╨╡╤В╨░╨┤╨░╨╜╨╜╤Л╨╡ ╤Д╨░╨╣╨╗╨░',
  `media_type_id` int unsigned NOT NULL COMMENT '╨б╤Б╤Л╨╗╨║╨░ ╨╜╨░ ╤В╨╕╨┐ ╨║╨╛╨╜╤В╨╡╨╜╤В╨░',
  `created_at` datetime DEFAULT CURRENT_TIMESTAMP COMMENT '╨Т╤А╨╡╨╝╤П ╤Б╨╛╨╖╨┤╨░╨╜╨╕╤П ╤Б╤В╤А╨╛╨║╨╕',
  `updated_at` datetime DEFAULT CURRENT_TIMESTAMP ON UPDATE CURRENT_TIMESTAMP COMMENT '╨Т╤А╨╡╨╝╤П ╨╛╨▒╨╜╨╛╨▓╨╗╨╡╨╜╨╕╤П ╤Б╤В╤А╨╛╨║╨╕',
  PRIMARY KEY (`id`),
  CONSTRAINT `media_chk_1` CHECK (json_valid(`metadata`))
) ENGINE=InnoDB AUTO_INCREMENT=101 DEFAULT CHARSET=utf8mb4 COLLATE=utf8mb4_unicode_ci COMMENT='╨Ь╨╡╨┤╨╕╨░╤Д╨░╨╣╨╗╤Л';
/*!40101 SET character_set_client = @saved_cs_client */;

--
-- Dumping data for table `media`
--

LOCK TABLES `media` WRITE;
/*!40000 ALTER TABLE `media` DISABLE KEYS */;
INSERT INTO `media` VALUES (1,1,'ipsam',69,NULL,1,'2013-04-14 13:46:32','2011-07-28 16:15:56'),(2,2,'consectetur',41,NULL,2,'2014-06-15 09:07:47','2020-04-28 22:33:31'),(3,3,'a',97,NULL,3,'2016-08-12 11:11:02','2013-11-23 10:21:29'),(4,4,'ab',56,NULL,1,'2012-11-09 04:08:18','2013-02-01 00:36:42'),(5,5,'eligendi',34,NULL,2,'2014-06-04 17:09:59','2013-05-22 12:25:57'),(6,6,'sapiente',83,NULL,3,'2013-02-21 19:10:58','2015-07-15 03:56:02'),(7,7,'iusto',67,NULL,1,'2013-09-30 08:51:53','2020-09-18 21:46:42'),(8,8,'et',42,NULL,2,'2019-12-09 07:03:22','2014-10-29 03:16:46'),(9,9,'sapiente',46,NULL,3,'2016-06-18 20:16:58','2018-11-08 06:02:50'),(10,10,'exercitationem',83,NULL,1,'2016-08-02 16:57:46','2017-10-12 23:28:26'),(11,11,'incidunt',42,NULL,2,'2020-07-01 07:10:55','2011-12-24 19:27:59'),(12,12,'ut',73,NULL,3,'2019-01-11 08:55:26','2013-01-09 14:19:02'),(13,13,'omnis',86,NULL,1,'2013-02-26 02:12:38','2018-09-09 15:30:58'),(14,14,'quos',81,NULL,2,'2012-05-19 05:10:56','2020-05-26 13:32:34'),(15,15,'atque',55,NULL,3,'2013-09-03 22:26:05','2013-07-03 10:29:11'),(16,16,'qui',84,NULL,1,'2011-02-25 02:27:38','2018-08-24 06:13:17'),(17,17,'repellat',5,NULL,2,'2013-09-14 00:29:47','2020-08-20 02:19:20'),(18,18,'et',10,NULL,3,'2012-10-30 22:57:38','2015-04-12 21:14:57'),(19,19,'praesentium',17,NULL,1,'2011-10-05 12:04:01','2014-06-28 01:44:03'),(20,20,'facere',37,NULL,2,'2013-08-22 20:50:39','2015-03-29 12:20:55'),(21,21,'minima',20,NULL,3,'2015-03-08 04:50:00','2012-02-28 20:24:28'),(22,22,'non',95,NULL,1,'2019-04-14 01:59:25','2011-06-10 18:04:32'),(23,23,'voluptatum',44,NULL,2,'2016-03-08 03:42:21','2012-04-05 17:11:21'),(24,24,'enim',54,NULL,3,'2017-12-01 17:09:39','2014-11-26 11:27:42'),(25,25,'sit',54,NULL,1,'2012-09-08 00:53:38','2019-01-05 12:20:30'),(26,26,'enim',74,NULL,2,'2012-11-25 05:31:24','2017-09-12 03:59:59'),(27,27,'quis',88,NULL,3,'2012-01-16 21:49:59','2017-06-17 10:56:20'),(28,28,'eos',8,NULL,1,'2020-09-20 02:20:44','2016-09-21 10:08:33'),(29,29,'sed',28,NULL,2,'2014-12-10 21:13:13','2012-02-07 09:02:43'),(30,30,'dicta',85,NULL,3,'2013-10-21 23:19:40','2012-08-24 04:11:56'),(31,31,'laborum',2,NULL,1,'2011-12-25 14:49:53','2016-05-21 03:29:46'),(32,32,'inventore',17,NULL,2,'2012-03-13 23:23:02','2015-02-24 03:09:16'),(33,33,'accusamus',35,NULL,3,'2012-05-17 23:21:21','2016-03-06 15:39:02'),(34,34,'soluta',13,NULL,1,'2021-01-03 18:19:37','2012-07-01 05:21:19'),(35,35,'esse',89,NULL,2,'2013-06-13 08:48:44','2019-10-05 21:43:08'),(36,36,'repellat',95,NULL,3,'2012-06-02 16:05:19','2013-01-03 04:54:04'),(37,37,'placeat',19,NULL,1,'2016-12-02 21:54:23','2015-09-03 20:10:28'),(38,38,'ut',55,NULL,2,'2015-09-22 05:10:02','2014-12-14 08:44:57'),(39,39,'ipsum',16,NULL,3,'2019-08-07 23:09:52','2016-11-22 03:26:07'),(40,40,'soluta',97,NULL,1,'2011-08-23 02:46:59','2016-09-12 20:13:55'),(41,41,'molestias',79,NULL,2,'2012-12-01 10:31:57','2020-05-22 23:18:16'),(42,42,'velit',63,NULL,3,'2018-01-03 00:21:59','2016-01-31 06:51:48'),(43,43,'velit',7,NULL,1,'2017-11-18 08:13:03','2015-10-23 12:39:24'),(44,44,'iusto',58,NULL,2,'2018-07-17 10:55:01','2019-06-24 13:43:44'),(45,45,'quod',84,NULL,3,'2014-09-20 02:02:07','2017-12-28 17:44:20'),(46,46,'alias',51,NULL,1,'2020-07-25 20:25:00','2019-12-24 03:21:54'),(47,47,'est',98,NULL,2,'2020-05-26 12:26:22','2014-05-28 13:50:42'),(48,48,'minima',84,NULL,3,'2016-05-13 22:54:27','2019-10-30 09:43:58'),(49,49,'est',42,NULL,1,'2018-07-25 05:42:29','2012-06-04 16:12:39'),(50,50,'nam',80,NULL,2,'2012-02-16 23:49:21','2013-08-21 09:19:52'),(51,51,'ullam',20,NULL,3,'2015-08-17 12:51:18','2016-03-21 11:32:06'),(52,52,'ut',83,NULL,1,'2018-01-24 17:11:26','2018-07-28 04:17:37'),(53,53,'quaerat',26,NULL,2,'2019-08-22 20:37:45','2018-05-11 00:57:25'),(54,54,'qui',94,NULL,3,'2013-09-07 04:30:21','2019-07-13 03:07:18'),(55,55,'consequatur',95,NULL,1,'2017-09-09 23:50:53','2013-07-07 18:13:13'),(56,56,'eum',80,NULL,2,'2019-02-01 11:44:20','2016-04-26 08:02:26'),(57,57,'fuga',13,NULL,3,'2014-09-09 11:19:15','2016-07-30 19:49:50'),(58,58,'consequuntur',79,NULL,1,'2020-02-10 16:07:35','2014-10-05 21:56:43'),(59,59,'est',28,NULL,2,'2020-12-06 09:31:51','2014-04-24 08:32:22'),(60,60,'necessitatibus',20,NULL,3,'2019-04-11 01:46:41','2020-02-25 03:49:12'),(61,61,'non',57,NULL,1,'2017-07-05 22:02:49','2019-08-26 15:23:09'),(62,62,'voluptas',22,NULL,2,'2014-08-24 03:15:00','2017-08-27 08:02:53'),(63,63,'ut',20,NULL,3,'2019-01-22 22:25:28','2011-08-04 19:34:44'),(64,64,'qui',80,NULL,1,'2020-04-13 01:53:53','2018-07-16 18:38:40'),(65,65,'iusto',27,NULL,2,'2014-07-23 13:41:28','2019-12-20 11:08:19'),(66,66,'reprehenderit',57,NULL,3,'2013-03-01 09:13:39','2014-01-31 01:30:03'),(67,67,'enim',79,NULL,1,'2020-11-15 04:53:54','2016-01-19 20:36:29'),(68,68,'est',30,NULL,2,'2012-01-24 08:02:56','2016-10-07 19:42:52'),(69,69,'qui',34,NULL,3,'2013-08-26 22:15:19','2014-02-22 04:47:13'),(70,70,'temporibus',13,NULL,1,'2019-10-05 13:54:33','2015-02-18 01:48:02'),(71,71,'rerum',31,NULL,2,'2013-11-21 19:29:14','2018-05-03 02:37:00'),(72,72,'repellendus',11,NULL,3,'2015-02-24 11:16:28','2019-08-31 08:14:08'),(73,73,'qui',89,NULL,1,'2014-10-13 03:49:28','2017-03-04 05:34:12'),(74,74,'est',81,NULL,2,'2018-02-27 02:19:03','2012-08-24 01:37:08'),(75,75,'voluptate',46,NULL,3,'2014-06-08 04:37:24','2013-07-20 11:06:50'),(76,76,'et',21,NULL,1,'2011-06-11 05:24:40','2012-04-17 00:26:49'),(77,77,'similique',49,NULL,2,'2012-12-06 04:05:36','2014-03-08 07:49:21'),(78,78,'quod',71,NULL,3,'2018-09-02 03:16:23','2017-05-02 22:11:54'),(79,79,'cum',100,NULL,1,'2013-06-15 12:42:04','2015-11-18 13:51:36'),(80,80,'consequatur',50,NULL,2,'2013-07-11 07:33:03','2015-05-04 12:29:17'),(81,81,'non',91,NULL,3,'2018-10-26 13:40:21','2013-11-24 18:13:18'),(82,82,'necessitatibus',83,NULL,1,'2014-05-26 18:23:53','2018-11-04 12:48:07'),(83,83,'fugit',99,NULL,2,'2017-06-19 11:52:51','2014-08-28 16:03:38'),(84,84,'hic',24,NULL,3,'2015-11-12 22:12:32','2015-06-19 05:28:09'),(85,85,'accusamus',3,NULL,1,'2012-05-03 19:34:49','2012-02-13 04:47:32'),(86,86,'vel',88,NULL,2,'2020-06-09 05:34:18','2014-05-13 19:19:43'),(87,87,'unde',24,NULL,3,'2012-05-18 19:19:09','2015-11-24 15:40:19'),(88,88,'qui',11,NULL,1,'2015-01-31 12:25:41','2012-10-12 15:03:40'),(89,89,'qui',16,NULL,2,'2013-03-09 02:26:44','2015-03-29 07:14:40'),(90,90,'dignissimos',74,NULL,3,'2015-10-17 04:41:25','2020-04-23 11:40:18'),(91,91,'velit',89,NULL,1,'2013-06-21 04:01:05','2015-05-01 09:02:23'),(92,92,'adipisci',12,NULL,2,'2016-10-05 15:54:07','2011-11-15 02:17:57'),(93,93,'ab',67,NULL,3,'2013-10-14 17:15:11','2015-09-30 07:35:14'),(94,94,'voluptatibus',28,NULL,1,'2015-12-21 22:04:27','2017-09-25 06:16:53'),(95,95,'quo',41,NULL,2,'2013-03-31 09:42:18','2012-05-14 14:52:57'),(96,96,'et',86,NULL,3,'2018-03-24 15:58:06','2017-03-30 20:09:39'),(97,97,'occaecati',91,NULL,1,'2014-04-12 15:50:18','2018-04-28 10:14:24'),(98,98,'magni',28,NULL,2,'2019-09-20 19:14:38','2021-01-29 23:25:09'),(99,99,'perferendis',19,NULL,3,'2016-01-08 02:29:51','2018-03-15 07:18:44'),(100,100,'velit',35,NULL,1,'2014-06-07 12:46:00','2014-01-01 09:41:43');
/*!40000 ALTER TABLE `media` ENABLE KEYS */;
UNLOCK TABLES;

--
-- Table structure for table `media_types`
--

DROP TABLE IF EXISTS `media_types`;
/*!40101 SET @saved_cs_client     = @@character_set_client */;
/*!50503 SET character_set_client = utf8mb4 */;
CREATE TABLE `media_types` (
  `id` int unsigned NOT NULL AUTO_INCREMENT COMMENT '╨Ш╨┤╨╡╨╜╤В╨╕╤Д╨╕╨║╨░╤В╨╛╤А ╤Б╤В╤А╨╛╨║╨╕',
  `name` varchar(255) CHARACTER SET utf8mb4 COLLATE utf8mb4_unicode_ci NOT NULL COMMENT '╨Э╨░╨╖╨▓╨░╨╜╨╕╨╡ ╤В╨╕╨┐╨░',
  `created_at` datetime DEFAULT CURRENT_TIMESTAMP COMMENT '╨Т╤А╨╡╨╝╤П ╤Б╨╛╨╖╨┤╨░╨╜╨╕╤П ╤Б╤В╤А╨╛╨║╨╕',
  `updated_at` datetime DEFAULT CURRENT_TIMESTAMP ON UPDATE CURRENT_TIMESTAMP COMMENT '╨Т╤А╨╡╨╝╤П ╨╛╨▒╨╜╨╛╨▓╨╗╨╡╨╜╨╕╤П ╤Б╤В╤А╨╛╨║╨╕',
  PRIMARY KEY (`id`),
  UNIQUE KEY `name` (`name`)
) ENGINE=InnoDB AUTO_INCREMENT=4 DEFAULT CHARSET=utf8mb4 COLLATE=utf8mb4_unicode_ci COMMENT='╨в╨╕╨┐╤Л ╨╝╨╡╨┤╨╕╨░╤Д╨░╨╣╨╗╨╛╨▓';
/*!40101 SET character_set_client = @saved_cs_client */;

--
-- Dumping data for table `media_types`
--

LOCK TABLES `media_types` WRITE;
/*!40000 ALTER TABLE `media_types` DISABLE KEYS */;
INSERT INTO `media_types` VALUES (1,'music','2020-02-19 10:57:15','2015-11-13 06:48:44'),(2,'video','2018-03-23 14:25:08','2017-07-18 18:53:01'),(3,'foto','2016-04-13 15:17:40','2018-09-27 09:45:45');
/*!40000 ALTER TABLE `media_types` ENABLE KEYS */;
UNLOCK TABLES;

--
-- Table structure for table `messages`
--

DROP TABLE IF EXISTS `messages`;
/*!40101 SET @saved_cs_client     = @@character_set_client */;
/*!50503 SET character_set_client = utf8mb4 */;
CREATE TABLE `messages` (
  `id` int unsigned NOT NULL AUTO_INCREMENT COMMENT '╨Ш╨┤╨╡╨╜╤В╨╕╤Д╨╕╨║╨░╤В╨╛╤А ╤Б╤В╤А╨╛╨║╨╕',
  `from_user_id` int unsigned NOT NULL COMMENT '╨б╤Б╤Л╨╗╨║╨░ ╨╜╨░ ╨╛╤В╨┐╤А╨░╨▓╨╕╤В╨╡╨╗╤П ╤Б╨╛╨╛╨▒╤Й╨╡╨╜╨╕╤П',
  `to_user_id` int unsigned NOT NULL COMMENT '╨б╤Б╤Л╨╗╨║╨░ ╨╜╨░ ╨┐╨╛╨╗╤Г╤З╨░╤В╨╡╨╗╤П ╤Б╨╛╨╛╨▒╤Й╨╡╨╜╨╕╤П',
  `body` text CHARACTER SET utf8mb4 COLLATE utf8mb4_unicode_ci NOT NULL COMMENT '╨в╨╡╨║╤Б╤В ╤Б╨╛╨╛╨▒╤Й╨╡╨╜╨╕╤П',
  `is_important` tinyint(1) DEFAULT NULL COMMENT '╨Я╤А╨╕╨╖╨╜╨░╨║ ╨▓╨░╨╢╨╜╨╛╤Б╤В╨╕',
  `is_delivered` tinyint(1) DEFAULT NULL COMMENT '╨Я╤А╨╕╨╖╨╜╨░╨║ ╨┤╨╛╤Б╤В╨░╨▓╨║╨╕',
  `created_at` datetime DEFAULT CURRENT_TIMESTAMP COMMENT '╨Т╤А╨╡╨╝╤П ╤Б╨╛╨╖╨┤╨░╨╜╨╕╤П ╤Б╤В╤А╨╛╨║╨╕',
  PRIMARY KEY (`id`)
) ENGINE=InnoDB AUTO_INCREMENT=101 DEFAULT CHARSET=utf8mb4 COLLATE=utf8mb4_unicode_ci COMMENT='╨б╨╛╨╛╨▒╤Й╨╡╨╜╨╕╤П';
/*!40101 SET character_set_client = @saved_cs_client */;

--
-- Dumping data for table `messages`
--

LOCK TABLES `messages` WRITE;
/*!40000 ALTER TABLE `messages` DISABLE KEYS */;
INSERT INTO `messages` VALUES (1,73,49,'Qui fugiat ipsam eum et dolor sit. Quis illum aliquam impedit in. Ut animi aspernatur distinctio consequatur id dolore. Neque repellat corporis tempore cupiditate minus atque.',1,1,'2012-02-23 05:38:22'),(2,91,48,'Architecto neque reiciendis sit animi enim recusandae. Esse nihil distinctio expedita doloribus et voluptatem. Ipsa soluta qui ab ab possimus.',1,1,'2017-11-07 04:42:17'),(3,41,42,'Autem quis est ut nobis ullam officiis natus. Vitae veniam placeat in nam ipsam et. Voluptas eaque voluptatem iure et fuga perspiciatis. Dicta laborum quo accusantium et voluptate maiores.',0,0,'2019-08-20 16:41:33'),(4,51,3,'Et debitis officia doloremque voluptas. Aut porro quo ipsam. Delectus ut reprehenderit fuga ducimus facilis.',0,0,'2017-11-16 00:14:39'),(5,29,84,'Sed accusamus autem suscipit. Ut in vel aut sunt. Quia quae molestiae nam odit nostrum non nulla. Tenetur suscipit hic modi. Consequatur minima est quia quam omnis.',1,1,'2012-01-02 18:44:23'),(6,12,93,'Perspiciatis et id hic assumenda quas. Vel voluptatem ipsum dolorem ex temporibus at.',0,0,'2016-02-26 05:39:43'),(7,55,18,'Quisquam ducimus sunt sunt facilis. Unde sint minima dolore quis.',1,1,'2012-01-28 15:33:53'),(8,26,79,'Aut vel tempora qui possimus. Aliquid necessitatibus earum quo sapiente a. Harum quis et reiciendis autem excepturi enim.',0,0,'2015-11-27 05:34:44'),(9,32,7,'Ut provident adipisci est. Rerum sequi impedit facilis doloremque et minus. Ut et sed sit repudiandae beatae perspiciatis est. Recusandae dolor sequi asperiores modi.',1,1,'2014-11-28 15:11:27'),(10,26,29,'Omnis quia vel sed cupiditate aut reprehenderit possimus ipsa. Ipsum optio nostrum placeat dolor dolorum et molestiae. Vitae sed omnis et voluptatem blanditiis impedit placeat iure. Quia eum expedita sapiente aut dolorum natus adipisci.',0,0,'2020-01-12 06:56:37'),(11,31,29,'Sequi in possimus est et ut accusantium debitis. Ad debitis tempore hic ad corporis incidunt blanditiis. Est dolorem omnis blanditiis nisi rerum.',1,0,'2020-05-27 03:08:59'),(12,90,97,'Eos expedita harum in quibusdam temporibus. Provident ex et beatae quis eius. Sint labore labore facilis voluptate similique accusantium excepturi.',1,0,'2017-09-02 17:29:45'),(13,62,79,'Rem quod accusantium nostrum dolorem deleniti est ea. Voluptatem et eos et est. Adipisci assumenda nisi autem et rerum inventore veniam. Numquam aut qui molestias minus.',0,1,'2014-12-18 13:02:52'),(14,68,61,'Quam temporibus est quam nam qui sunt rem. Amet dolor dicta et qui enim sed. Iste iste ducimus sed aliquam cupiditate suscipit voluptatibus.',0,0,'2018-03-27 14:10:08'),(15,7,9,'Culpa tenetur tempore eius quas deleniti neque iusto. Voluptas sed ipsam ea possimus aut magni rerum asperiores. Aliquam ipsum quia numquam mollitia quisquam illum odit natus. Dolores at nihil consectetur perspiciatis esse neque rerum.',0,0,'2015-03-18 09:09:45'),(16,1,52,'Sunt a consequatur dignissimos voluptates. Ad aut ipsam possimus veritatis. Nihil harum rem qui quia est dignissimos.',0,1,'2016-10-04 04:27:26'),(17,35,91,'Sit dolorum reprehenderit quis laboriosam. Illo exercitationem accusamus qui temporibus cumque eligendi quia quod. Eligendi quod tempore est qui. Quaerat magnam officia nemo voluptatem.',1,1,'2017-09-11 04:04:25'),(18,21,90,'Quia in a nam sint et ratione. Rem quidem dolor eligendi magni voluptate dolores. Recusandae inventore magni consequatur nihil. Iusto et quae quo sunt occaecati.',1,1,'2011-10-17 02:52:51'),(19,72,98,'Sint repellendus culpa quo voluptatibus. Et porro magni temporibus et minus id nihil.',1,0,'2020-10-01 04:08:22'),(20,32,43,'Exercitationem voluptatem voluptas dolore vel necessitatibus corrupti qui impedit. Velit nostrum harum nam reprehenderit similique ea. Nihil rerum quis libero culpa vel voluptas tempora perspiciatis. Sed sed autem natus non aut quia.',0,1,'2014-04-22 22:04:53'),(21,17,60,'Et harum ut voluptate ipsa enim quia. Quia ratione non nesciunt aut dolore odio inventore. Et minus odio qui dolor aspernatur nisi sequi.',1,0,'2018-02-26 15:20:40'),(22,11,88,'Molestiae et labore fuga. Dolor dolor molestiae illum est neque quaerat doloremque. Quaerat cum facere voluptatem voluptas doloremque sed.',0,1,'2014-07-26 21:34:59'),(23,16,40,'Dignissimos neque odio expedita ad dolorem quia. Qui optio facilis eaque dolorem sint. Aut voluptatum consequatur quaerat enim earum voluptas quasi.',1,1,'2015-12-20 11:18:56'),(24,27,75,'Dolorum pariatur aut mollitia eos. Fugit nostrum nesciunt asperiores autem consequuntur ut fugiat. Voluptatem nesciunt est harum quaerat mollitia expedita recusandae. Aut eum alias quo dolore dolor laboriosam voluptas.',0,0,'2013-11-26 19:57:20'),(25,51,82,'A soluta dolores eum sed eos esse. Ad debitis officia quasi rerum voluptas. Voluptatem ut in quia sit distinctio sapiente ut.',0,1,'2013-06-11 17:27:30'),(26,39,18,'Ut dolor ut provident incidunt exercitationem assumenda. Enim facilis quo necessitatibus error repudiandae possimus. Et commodi odit voluptatibus illum rerum vitae quibusdam. Adipisci praesentium porro cumque iste assumenda nobis dolore.',0,1,'2015-06-13 00:20:23'),(27,6,77,'Enim qui ea at sit laboriosam facilis dolore. Ut aut repellat corporis non placeat. Ut magni qui repellat enim dolorem excepturi exercitationem.',0,1,'2019-03-09 19:33:29'),(28,53,73,'Et necessitatibus aut nobis laborum eum. Qui cumque fugiat voluptatum est voluptates reiciendis facere. Ratione et officia ea quo laudantium. Voluptatum sit iste quaerat incidunt.',0,0,'2017-05-17 23:38:31'),(29,48,90,'Mollitia at qui dolorem quia laudantium commodi. Saepe quia est architecto maiores veniam eum pariatur. Maxime inventore expedita et aspernatur corporis dolor reiciendis.',1,0,'2018-01-27 22:36:00'),(30,79,66,'Accusantium sit quasi consequatur nobis sint rerum aut. Distinctio rem debitis sint et. Qui rerum voluptas vel.',0,0,'2013-04-14 03:21:12'),(31,87,81,'Ipsam ut quasi quia velit cumque quam. Necessitatibus voluptatem nihil et tempore ipsa quia. Facere unde et sed qui assumenda rerum.',0,0,'2014-09-23 23:13:57'),(32,28,91,'Consequatur soluta dolorem aut consectetur nulla atque eius. Iure amet aut dolore molestiae adipisci ipsa porro. Totam eos et consequatur commodi molestiae eos tenetur. Perferendis eveniet quas reprehenderit deleniti.',1,1,'2011-04-08 15:22:17'),(33,95,33,'Sunt quam et magnam. Ut nesciunt sit soluta et deleniti quo enim. Quaerat corrupti nemo molestiae hic autem qui.',1,1,'2015-04-07 06:24:13'),(34,83,78,'Recusandae ratione enim totam earum quis. Error et necessitatibus qui aut voluptatum nemo in adipisci. Incidunt voluptates et qui rerum ut optio asperiores. Nisi nihil eum repudiandae sunt.',0,1,'2011-05-11 12:01:34'),(35,49,12,'Et rerum magnam est quia ea reprehenderit. Excepturi expedita voluptatem ipsum et odit qui.',0,0,'2012-11-08 03:43:08'),(36,98,52,'Alias quia dolore nihil distinctio magni est velit. Quaerat nihil est quas. Culpa illum sit pariatur accusantium sapiente ad. Deleniti enim rerum provident dolores.',0,0,'2013-10-29 17:56:47'),(37,31,58,'Eaque aut veniam aperiam aut. Dolorum provident magnam porro. Temporibus ducimus assumenda nam illum odio et.',0,0,'2016-09-20 23:36:29'),(38,19,93,'Beatae placeat sit et. Dignissimos est sunt suscipit. Eaque necessitatibus dolorum aut impedit atque totam.',0,1,'2011-04-15 13:22:05'),(39,22,84,'Similique minus facilis consequuntur. Repellat voluptas voluptate porro accusantium. Quisquam et incidunt ut et aspernatur. Qui blanditiis ratione non assumenda ab a corrupti. Aut quidem sit ratione repellat nemo qui dolores.',1,1,'2018-06-26 15:32:16'),(40,91,93,'Dolore et labore ducimus et. Sit voluptatem non eius. Libero rerum architecto delectus quod. Voluptatem unde dolore ducimus debitis voluptates cumque quos.',1,1,'2021-01-30 07:38:37'),(41,100,87,'Non aut neque id accusamus optio nesciunt eum. Est consequatur rerum magnam ea ex sed. Eum architecto dolor illo vel velit quo recusandae.',0,0,'2012-07-25 14:23:03'),(42,95,71,'Quam odio porro deserunt magni aut est quibusdam dolorum. Doloribus reiciendis tenetur hic. Autem facere dolorem velit dolor voluptatem.',1,0,'2019-03-30 18:42:56'),(43,58,81,'Deleniti voluptate inventore eum sapiente quas aut sit consectetur. Iusto repudiandae iusto suscipit soluta. Maiores nihil officiis sit.',0,0,'2011-12-04 21:08:16'),(44,96,76,'Aperiam reprehenderit molestiae non animi dicta sed. Dolor itaque et et reprehenderit autem.',0,0,'2016-07-24 05:01:12'),(45,76,20,'Quia nobis dolor aut architecto ut repellendus dolorem reiciendis. Consectetur voluptatem voluptatum fugiat id exercitationem. Est qui ab sit quos libero. Aperiam dolores vero quaerat animi ipsa ut omnis.',1,1,'2020-10-06 03:35:48'),(46,28,1,'Animi ea molestias asperiores. Impedit laborum molestiae esse sapiente qui in voluptates. Nostrum dolorem velit inventore quibusdam ut alias id distinctio. Consequuntur enim tempora aut iusto.',0,0,'2013-09-17 23:28:30'),(47,22,76,'Nisi molestias inventore consequatur veritatis. Qui et quo sunt perferendis dolorem ipsam necessitatibus. Ut quasi voluptatum accusantium dolorum omnis. Neque debitis magni et voluptatem iste. Dolorem aut cumque nostrum soluta nihil et assumenda.',0,1,'2015-12-05 16:12:35'),(48,96,88,'Repellat suscipit eum incidunt velit qui quis adipisci. Perspiciatis veritatis et dolorum blanditiis. Inventore vitae aliquam enim voluptate dicta expedita eos. Ipsum libero qui sint itaque porro et eos.',0,1,'2017-03-26 05:46:07'),(49,27,85,'Id sequi laudantium dolor quidem voluptatibus. Adipisci sunt delectus ipsa ducimus aut numquam. Dolores omnis placeat labore distinctio possimus dolores. Optio voluptate id alias minima sequi similique.',1,0,'2020-10-16 03:34:47'),(50,79,7,'Atque aspernatur nisi modi dolor quia. Maxime eaque non laudantium similique dolorem quo animi. Explicabo laborum ea beatae.',0,1,'2018-11-05 08:56:59'),(51,66,22,'Sed reprehenderit temporibus consectetur totam. Ducimus et nihil at ut repudiandae voluptatem. Perferendis nihil aliquid recusandae reprehenderit aut sunt ex.',1,0,'2017-06-05 04:37:18'),(52,51,25,'Qui et repudiandae magnam quam quibusdam accusantium exercitationem expedita. Iste nesciunt laborum vitae in dolorem enim dolore natus.',1,1,'2018-01-07 08:26:23'),(53,93,26,'Sunt tempore hic sit deserunt voluptatum repudiandae dicta. Fugiat nemo officia consectetur quo molestiae mollitia architecto. Quia consequatur quae commodi similique. Repellendus ex consequuntur dignissimos laudantium sit rem.',1,0,'2017-12-18 16:49:26'),(54,73,56,'Nihil eos aut amet quisquam ut doloribus. Qui nostrum iure nisi sed. Quia asperiores voluptatem rerum dolorem odit modi. Soluta dolorem incidunt ut at consequuntur vero deserunt.',0,0,'2018-01-31 04:54:30'),(55,1,40,'Commodi voluptate illum est rem qui rerum voluptates. Sit eum qui quia quaerat. Nostrum placeat aut soluta.',0,1,'2018-11-05 11:28:50'),(56,75,100,'Ipsam voluptatibus id sed deleniti exercitationem. Corporis a unde quasi aperiam hic mollitia est. Eius at necessitatibus perferendis enim nemo quia ipsum. Commodi laudantium hic voluptatem sed.',0,1,'2013-01-08 17:51:08'),(57,39,29,'Deleniti voluptate excepturi in possimus repudiandae voluptatem saepe. Facere impedit eum consequatur corrupti possimus. Ab iusto est minima.',1,1,'2016-11-18 16:14:50'),(58,50,90,'Corrupti unde esse aut. Explicabo et at beatae ipsam ipsum qui. Eveniet nemo dolorem provident soluta odio qui officiis autem. Odio repudiandae adipisci et aut dolores.',0,1,'2017-04-02 00:34:22'),(59,78,81,'Vero aperiam eligendi ipsa omnis expedita voluptatem voluptatem. Odio eligendi eveniet sit ut. Perspiciatis numquam minima aut et labore.',1,0,'2013-10-30 12:01:28'),(60,75,79,'Eius commodi aut ipsam quia non quos. Facilis voluptatum enim quo sint.',0,1,'2013-04-19 05:35:46'),(61,60,46,'Amet nihil atque autem molestiae aut debitis. Nesciunt doloribus ducimus autem tempore recusandae nam. Quia consequatur cupiditate sint fugiat omnis.',1,1,'2018-07-28 11:20:31'),(62,50,29,'Atque ea et tempore atque explicabo consequuntur dolores. Voluptatem odit occaecati illum voluptas et excepturi. Eos beatae harum dolores et. Iusto nemo nobis minima magnam nostrum est.',0,0,'2015-04-21 20:25:38'),(63,73,36,'Vel voluptatem autem in est corrupti provident libero. Ipsum sequi quisquam laborum iste rem nulla veritatis.',1,1,'2015-09-26 07:13:42'),(64,6,64,'Quae eos dolorem iusto ex minima. Perferendis nihil aliquid voluptatem sed voluptas harum ut dignissimos. Eveniet tenetur alias at optio quaerat. Commodi nostrum sunt consectetur quo est ipsum vitae voluptatem.',1,1,'2015-11-18 21:40:51'),(65,14,27,'Sapiente et non eius nulla sit inventore hic. Vitae aut ipsa laborum quasi quo corporis. Laborum ut sapiente quidem est iure et facilis.',1,0,'2017-09-07 15:11:34'),(66,36,93,'Blanditiis et qui ut ipsam. Voluptatem corrupti eligendi voluptatem nemo ipsum nobis fuga. Dolor et enim veniam nobis facere dicta sed.',0,1,'2016-03-23 17:37:01'),(67,49,54,'Voluptas excepturi est nihil perspiciatis asperiores. Quidem voluptas quaerat illo sit ut earum temporibus. Harum omnis alias sed cumque vitae voluptas. Sint aspernatur tempora exercitationem velit asperiores qui.',0,0,'2011-07-18 07:56:21'),(68,50,3,'Excepturi alias illum earum reiciendis voluptatibus. Et et excepturi qui id. Consequuntur illo eaque ad et voluptatem corporis eligendi.',0,1,'2019-09-10 18:51:34'),(69,6,42,'Minus similique ipsum eaque. Quia aliquid iure ipsam vel ea velit consequatur. Veritatis laborum dolores aspernatur suscipit nostrum earum. Cumque commodi enim tempora veniam sapiente ab nisi.',1,0,'2011-09-18 02:08:26'),(70,88,40,'Asperiores dolorem sit deserunt. Unde eos perferendis voluptatem laboriosam aut. Laboriosam earum iusto voluptatem et temporibus saepe quaerat a. Quibusdam laboriosam et perspiciatis ex enim distinctio. Vero tempora vero vel in explicabo reprehenderit vitae maiores.',0,1,'2013-01-29 09:04:36'),(71,5,20,'Tempore fugiat numquam ipsa id et. Porro voluptates autem dolores numquam dolorem. Quia quam sed nobis quo sit. Quo quo odio deleniti ea assumenda temporibus.',1,1,'2018-11-30 01:36:25'),(72,97,49,'Eveniet consectetur dicta praesentium pariatur blanditiis. Voluptatem sequi dolores veniam accusantium ut mollitia vel. Consequuntur dignissimos itaque voluptas tenetur alias ut modi. Ipsum cum temporibus ullam aut aperiam.',0,0,'2018-11-13 04:20:52'),(73,10,14,'Qui tempore accusantium quos ab. Ut autem velit quia autem aperiam. Molestiae quod consequatur sed odio ut deleniti quaerat.',0,1,'2016-08-17 13:48:56'),(74,31,40,'Alias dolores quod vitae omnis tempore consequatur. Earum doloribus optio nulla aspernatur. At iste eaque magni. Dolores dolorem sed est numquam autem.',1,0,'2014-09-18 19:57:51'),(75,69,19,'Mollitia numquam et voluptatem blanditiis quod provident sint. Magni beatae quia et ea corporis nemo est eaque. Autem eveniet laborum eligendi. Repellendus molestiae quis odit fuga sed.',0,1,'2015-09-22 07:00:48'),(76,11,5,'Voluptatum a aspernatur reprehenderit facilis eos. Aut necessitatibus voluptatem voluptas illo nihil ullam necessitatibus.',1,1,'2011-06-28 08:34:52'),(77,2,32,'Accusamus rerum provident animi molestiae sequi qui quia. Error illo nemo molestiae nulla et. Eius fugit quidem possimus ex repellendus.',1,1,'2014-06-24 22:44:50'),(78,87,40,'Quia dolorum voluptatibus sint sunt voluptates voluptate. Dolor doloremque atque repellat eveniet. Tempore aliquam in ratione aperiam est. Eum totam qui ratione corrupti voluptas tenetur.',0,1,'2019-01-02 10:47:13'),(79,42,58,'Dolorum illo magni quibusdam et eum qui temporibus qui. Exercitationem suscipit voluptate nesciunt hic aut deleniti. Laboriosam pariatur sunt corporis eos est.',1,1,'2017-04-02 07:40:45'),(80,36,6,'Architecto error est ea. Quibusdam ratione incidunt iusto.',0,1,'2016-04-06 11:04:54'),(81,95,31,'Repudiandae et et incidunt nihil. Laboriosam qui necessitatibus animi in quis exercitationem quibusdam. Quaerat et id dolorum sed dolores doloremque. Quos aspernatur ducimus reiciendis veritatis ut. Et et eveniet deleniti ipsum aut sit.',1,1,'2019-02-22 16:13:16'),(82,59,25,'Deleniti quae modi dolore fugiat libero. Expedita voluptatem saepe hic neque animi sed aut sed. Et impedit magni quam maiores odio omnis. Qui magnam error ex omnis.',0,0,'2018-07-10 18:22:24'),(83,70,63,'Qui dolorum quia quasi fuga quo molestiae. Corporis et velit tempora harum cum eos quas. Repellendus explicabo asperiores asperiores voluptatem. Nesciunt necessitatibus officia delectus ratione.',1,0,'2018-08-28 12:21:08'),(84,50,7,'Est perspiciatis et at nihil dolor nulla illum qui. Dolorem perferendis hic iste ipsa. Quasi nihil possimus voluptate ad fugiat labore libero. Et consequatur officiis dolores nobis.',0,0,'2014-08-13 09:41:53'),(85,52,92,'Laborum cumque consequatur consequatur reiciendis quia. Vitae debitis tempore illum ex maxime. Omnis est repellendus quo. Cupiditate veniam et expedita culpa ad laboriosam molestias.',1,1,'2018-08-03 20:58:54'),(86,1,50,'Et sint architecto vitae incidunt in. Id quis qui iure cum. Rerum adipisci pariatur quod ipsam rerum eum velit.',1,1,'2018-09-13 10:56:39'),(87,47,78,'Et non est enim facere. Ullam incidunt ipsam eum ut omnis veniam esse. Atque quidem culpa quae culpa optio. Porro fugit itaque ut nulla voluptas rerum non libero.',0,0,'2011-10-13 10:10:44'),(88,47,83,'Vel aspernatur est omnis ducimus aut. Aut sunt voluptatum eaque laudantium et illum. Est omnis eaque et delectus voluptatem recusandae et.',0,1,'2020-04-13 05:14:57'),(89,11,26,'Natus nam voluptatem explicabo optio reprehenderit at. Est assumenda quae et aut qui amet soluta. Aut pariatur voluptatem sint repudiandae.',0,1,'2014-09-03 12:15:11'),(90,92,7,'Maiores illum eveniet doloremque ut aut accusantium. Enim recusandae quasi cumque. Voluptas vitae cumque qui adipisci sunt adipisci cupiditate. Ut tempore reiciendis sit eos.',0,1,'2019-09-14 04:37:55'),(91,90,100,'Aliquid rerum occaecati et laboriosam. Qui autem cumque dolor tempore esse. Fuga exercitationem nulla omnis assumenda perferendis maiores.',1,1,'2019-01-17 07:42:06'),(92,84,80,'Eum velit consequatur quo consequuntur necessitatibus iure qui. Ipsam nesciunt aut vero id iusto. Ut iusto eum eum facilis voluptatem reprehenderit. Nobis recusandae et esse occaecati saepe.',0,1,'2020-01-02 17:10:43'),(93,70,50,'Tempore possimus fuga laudantium quis. Corrupti et cupiditate excepturi possimus. Quibusdam velit nostrum possimus non id aut modi. Reprehenderit nostrum occaecati atque odio quis illum.',0,1,'2015-10-10 22:23:14'),(94,91,29,'Ipsum perspiciatis dolor a et. Incidunt eum perspiciatis vel. Dolores dolor ut numquam dignissimos. Ipsum ea sunt animi animi soluta aperiam.',0,1,'2012-08-21 20:58:49'),(95,67,60,'Incidunt quas sit magni optio aut. Ut quia quae minus qui dolor. Architecto magni qui aspernatur consequatur voluptatem consequatur. Tenetur iste ut eligendi quam aperiam perferendis eum id.',0,0,'2015-03-24 17:26:11'),(96,66,30,'Eos amet aut ad debitis. Tempore quibusdam impedit expedita et iure et. Repellendus laudantium blanditiis atque labore nulla asperiores asperiores.',1,1,'2018-02-07 05:21:58'),(97,27,99,'Soluta minima et a non sunt ut sint illo. Cupiditate qui praesentium aut amet est. Ducimus aliquid et modi molestias. Eius cumque optio qui nemo cupiditate placeat.',1,1,'2020-12-08 05:57:11'),(98,43,59,'Voluptatem aut aut animi eveniet labore non incidunt eaque. Aut quis perspiciatis dolorum iste laboriosam velit. Quisquam magni molestias sed aut aut.',1,0,'2013-01-09 12:41:08'),(99,28,16,'Quisquam assumenda sunt quasi totam ut. Tenetur ducimus sit sed quo dicta natus et. Fugiat reiciendis sapiente nihil recusandae sit eum. Aut natus et minima labore sit ipsa nihil.',1,1,'2017-09-11 09:23:49'),(100,64,19,'Fugiat autem deleniti reprehenderit soluta excepturi. Ut ut ex ipsa. Consequatur ut ad veniam voluptas eum nesciunt.',1,0,'2012-12-08 17:00:27');
/*!40000 ALTER TABLE `messages` ENABLE KEYS */;
UNLOCK TABLES;

--
-- Table structure for table `profiles`
--

DROP TABLE IF EXISTS `profiles`;
/*!40101 SET @saved_cs_client     = @@character_set_client */;
/*!50503 SET character_set_client = utf8mb4 */;
CREATE TABLE `profiles` (
  `user_id` int unsigned NOT NULL COMMENT '╨б╤Б╤Л╨╗╨║╨░ ╨╜╨░ ╨┐╨╛╨╗╤М╨╖╨╛╨▓╨░╤В╨╡╨╗╤П',
  `gender` char(1) CHARACTER SET utf8mb4 COLLATE utf8mb4_unicode_ci NOT NULL COMMENT '╨Я╨╛╨╗',
  `birthday` date DEFAULT NULL COMMENT '╨Ф╨░╤В╨░ ╤А╨╛╨╢╨┤╨╡╨╜╨╕╤П',
  `city` varchar(130) CHARACTER SET utf8mb4 COLLATE utf8mb4_unicode_ci DEFAULT NULL COMMENT '╨У╨╛╤А╨╛╨┤ ╨┐╤А╨╛╨╢╨╕╨▓╨░╨╜╨╕╤П',
  `country` varchar(130) CHARACTER SET utf8mb4 COLLATE utf8mb4_unicode_ci DEFAULT NULL COMMENT '╨б╤В╤А╨░╨╜╨░ ╨┐╤А╨╛╨╢╨╕╨▓╨░╨╜╨╕╤П',
  `created_at` datetime DEFAULT CURRENT_TIMESTAMP COMMENT '╨Т╤А╨╡╨╝╤П ╤Б╨╛╨╖╨┤╨░╨╜╨╕╤П ╤Б╤В╤А╨╛╨║╨╕',
  `updated_at` datetime DEFAULT CURRENT_TIMESTAMP ON UPDATE CURRENT_TIMESTAMP COMMENT '╨Т╤А╨╡╨╝╤П ╨╛╨▒╨╜╨╛╨▓╨╗╨╡╨╜╨╕╤П ╤Б╤В╤А╨╛╨║╨╕',
  PRIMARY KEY (`user_id`)
) ENGINE=InnoDB DEFAULT CHARSET=utf8mb4 COLLATE=utf8mb4_unicode_ci COMMENT='╨Я╤А╨╛╤Д╨╕╨╗╨╕';
/*!40101 SET character_set_client = @saved_cs_client */;

--
-- Dumping data for table `profiles`
--

LOCK TABLES `profiles` WRITE;
/*!40000 ALTER TABLE `profiles` DISABLE KEYS */;
INSERT INTO `profiles` VALUES (1,'m','2010-07-23','East Johnnyhaven','South Georgia and the South Sandwich Islands','2016-06-22 17:20:46','2020-09-03 13:12:09'),(2,'','1973-12-10','Alessiaborough','Honduras','2020-03-02 08:19:10','2020-03-07 16:51:11'),(3,'','1976-10-03','Port Bethport','Saint Vincent and the Grenadines','2017-10-29 10:55:18','2019-10-11 11:50:56'),(4,'m','1976-09-04','East Oriontown','Macedonia','2015-08-07 06:14:16','2020-06-05 00:56:07'),(5,'','2007-10-14','South Markus','French Guiana','2014-08-03 17:03:54','2019-09-03 11:44:28'),(6,'','1997-10-31','Lake Leanna','Mayotte','2012-07-14 19:31:24','2013-06-26 23:12:06'),(7,'','1982-05-02','Hollyberg','Gibraltar','2014-09-09 23:25:59','2019-03-31 17:06:00'),(8,'m','2018-03-16','Port Mckennahaven','Latvia','2012-07-19 10:22:29','2012-12-15 23:11:00'),(9,'m','2008-01-23','Vincenzomouth','Jersey','2018-06-28 10:14:35','2020-07-29 19:59:14'),(10,'','1994-08-05','Weimannfort','Christmas Island','2014-08-06 20:20:29','2018-10-30 21:22:15'),(11,'','2020-06-17','Georgianabury','Latvia','2013-03-26 14:34:52','2017-12-15 02:15:56'),(12,'m','1988-01-24','New Jenniestad','Senegal','2021-01-10 06:16:16','2012-06-15 02:36:13'),(13,'','1986-07-16','New Caraside','Denmark','2014-11-27 19:58:16','2012-08-24 12:13:55'),(14,'','2002-12-09','Toytown','Turkmenistan','2011-10-31 20:46:42','2012-12-08 21:09:54'),(15,'m','2002-08-24','Lawrencestad','Puerto Rico','2013-11-20 21:27:42','2019-03-06 08:35:49'),(16,'','2000-11-22','Lake Casey','Nepal','2019-08-01 16:20:21','2020-05-09 15:58:44'),(17,'m','1994-11-09','Marcburgh','Canada','2011-10-18 09:04:35','2018-09-15 22:18:48'),(18,'m','1991-10-04','New Annafurt','French Guiana','2012-04-21 19:29:14','2019-01-31 17:05:11'),(19,'','1972-01-09','New Mossiemouth','Macao','2011-02-21 19:17:32','2018-03-23 11:54:32'),(20,'','1979-06-20','Nicholeton','Holy See (Vatican City State)','2015-03-23 10:59:19','2016-03-09 17:03:44'),(21,'','2015-10-05','South Ignatiuston','Comoros','2016-02-14 00:50:59','2020-08-23 18:40:14'),(22,'','2000-04-24','New Antwan','Russian Federation','2013-08-27 23:43:02','2015-01-06 13:42:42'),(23,'','1985-10-30','Effertzburgh','Saint Helena','2014-08-16 17:52:44','2012-10-30 23:22:03'),(24,'','1992-12-29','Lake Sydnieshire','Kyrgyz Republic','2012-10-17 03:24:15','2012-12-06 22:13:51'),(25,'m','1994-02-25','Lake Verda','Turkmenistan','2014-01-17 10:30:07','2018-12-04 04:39:59'),(26,'','2008-07-06','South Christineside','Eritrea','2015-11-26 01:36:58','2016-07-17 15:33:05'),(27,'m','1995-02-26','Nobleborough','Malaysia','2013-09-14 22:12:04','2013-05-14 11:22:06'),(28,'m','1980-12-23','Binsmouth','New Caledonia','2017-10-31 23:54:23','2012-05-11 16:11:18'),(29,'m','1985-09-07','Rempelhaven','Turkey','2012-07-16 08:09:52','2019-09-16 22:11:36'),(30,'m','1975-06-08','Lebsackbury','Svalbard & Jan Mayen Islands','2012-06-18 16:43:07','2013-06-02 11:54:47'),(31,'m','1998-07-08','Lake Erikaville','Iraq','2012-08-19 15:29:22','2011-08-15 15:31:32'),(32,'','2007-05-22','North Harry','Libyan Arab Jamahiriya','2016-07-28 03:31:19','2017-05-06 22:04:12'),(33,'m','1985-07-22','Shaniestad','Sri Lanka','2011-12-25 17:43:13','2017-10-25 19:37:02'),(34,'m','1978-12-11','East Marquischester','Mauritius','2020-05-30 09:58:42','2018-06-18 19:46:36'),(35,'','1999-12-04','Ianfurt','Saint Martin','2017-03-29 20:31:40','2012-03-29 13:14:35'),(36,'','1979-10-29','Corwinstad','Libyan Arab Jamahiriya','2017-01-09 22:54:33','2014-06-05 12:06:13'),(37,'','1971-03-08','North Sigmundtown','Norfolk Island','2016-06-17 18:35:04','2019-07-09 18:59:22'),(38,'','2016-04-02','Tommiefort','Bulgaria','2020-11-26 23:27:28','2017-02-23 03:38:16'),(39,'','2018-05-13','Lake Caitlyn','Kiribati','2012-11-28 10:54:56','2013-11-08 03:07:00'),(40,'m','1993-08-16','North Annabell','Andorra','2015-09-07 21:45:53','2020-05-15 23:57:45'),(41,'m','1974-03-21','New Rettamouth','Iraq','2020-11-18 15:03:15','2013-12-18 17:28:27'),(42,'m','1975-04-03','South Dortha','Hungary','2012-07-15 21:06:19','2013-01-02 11:16:41'),(43,'m','1996-04-21','Kozeymouth','Kiribati','2015-11-16 12:28:40','2013-03-21 07:40:29'),(44,'','1989-01-16','Isabelburgh','French Polynesia','2016-10-06 05:15:37','2018-05-03 23:08:21'),(45,'','1980-05-08','Gerholdstad','San Marino','2020-04-20 01:33:18','2012-03-11 22:44:42'),(46,'m','2018-07-11','North Herta','Antigua and Barbuda','2017-08-23 04:09:19','2020-06-24 05:40:44'),(47,'m','2017-03-19','Althealand','Suriname','2019-02-03 14:13:02','2018-03-06 20:56:29'),(48,'','2006-10-05','New Annabell','Togo','2019-10-15 08:09:24','2015-02-24 03:06:48'),(49,'m','1985-01-14','Mayershire','Mali','2019-03-01 07:31:44','2011-06-03 23:55:21'),(50,'m','1988-04-14','West Rashawn','Wallis and Futuna','2016-04-16 20:07:05','2016-01-19 20:45:08'),(51,'','2005-08-28','East Myleston','Kenya','2015-12-03 05:08:00','2018-01-05 19:27:18'),(52,'m','2011-11-18','Noahburgh','Saint Kitts and Nevis','2011-05-25 09:28:36','2018-11-21 06:39:02'),(53,'','1984-04-21','Goodwinmouth','Saint Vincent and the Grenadines','2012-05-24 09:13:01','2011-12-09 22:45:56'),(54,'m','2010-10-17','Mannmouth','Cape Verde','2012-05-13 09:53:07','2019-05-16 16:00:49'),(55,'m','2013-11-22','Leoville','French Polynesia','2018-10-02 01:21:19','2013-12-13 07:41:24'),(56,'','1987-08-18','Kathlynburgh','Bolivia','2020-10-29 15:33:56','2019-01-03 21:13:48'),(57,'m','2009-07-19','Port Jordane','Spain','2012-04-04 05:26:04','2015-08-18 12:22:18'),(58,'','2019-05-12','East Kristoffer','Brunei Darussalam','2016-12-01 08:02:36','2015-05-03 16:44:11'),(59,'','2017-12-01','Nikolasside','Faroe Islands','2013-06-14 19:49:37','2017-02-04 15:07:39'),(60,'','1970-11-11','Tillmanmouth','Venezuela','2017-09-12 13:53:49','2019-10-18 14:59:14'),(61,'','2008-06-01','Morissetteview','Costa Rica','2018-05-15 01:51:11','2018-06-05 13:34:20'),(62,'m','1982-02-27','Wardchester','Paraguay','2013-10-30 19:02:46','2014-03-25 05:17:12'),(63,'m','1978-02-11','West Herbertmouth','American Samoa','2020-01-26 05:31:44','2014-12-13 22:24:05'),(64,'','1988-06-30','Hirthefort','Anguilla','2014-07-17 00:54:49','2017-01-19 11:08:09'),(65,'m','1992-05-23','West Michalefort','Cote d\'Ivoire','2016-04-05 03:40:43','2014-07-01 00:41:31'),(66,'','1997-12-06','Padbergfurt','Kiribati','2011-08-08 02:11:24','2011-05-01 18:01:33'),(67,'m','2011-10-10','Port Madisyn','Heard Island and McDonald Islands','2017-12-30 21:17:23','2013-05-31 07:59:59'),(68,'m','2016-06-16','Arvelport','Solomon Islands','2012-05-16 18:09:51','2014-01-21 16:21:11'),(69,'','1976-11-18','New Whitney','Marshall Islands','2011-09-02 16:28:04','2014-11-17 01:11:29'),(70,'','1974-11-09','East Esteban','Thailand','2011-12-05 12:12:54','2016-05-13 11:54:36'),(71,'m','1982-12-10','Roobton','Burundi','2012-04-11 03:37:20','2013-08-30 23:41:57'),(72,'','1981-01-08','Beatricestad','Saint Kitts and Nevis','2018-02-23 12:59:12','2020-08-27 16:51:31'),(73,'m','1974-05-17','South Raleigh','Djibouti','2018-06-25 02:41:50','2019-05-22 18:25:17'),(74,'','2001-08-07','Brisaville','Norfolk Island','2016-08-24 00:01:21','2011-12-08 20:08:07'),(75,'m','2016-11-26','Lake Johnsonport','Ukraine','2017-04-21 17:27:28','2011-11-25 01:44:17'),(76,'','1972-02-10','Borismouth','Uruguay','2014-11-03 13:52:43','2020-09-14 05:40:18'),(77,'m','1998-06-22','New Fay','Japan','2017-05-05 11:09:38','2014-03-25 07:36:21'),(78,'m','1993-04-21','Autumnside','Chile','2014-05-08 17:58:29','2013-09-19 23:28:03'),(79,'','1981-09-09','West Percy','Gibraltar','2020-08-12 20:43:19','2011-04-24 15:37:08'),(80,'m','1976-09-02','Burniceport','Equatorial Guinea','2017-01-27 15:39:28','2015-03-09 00:17:56'),(81,'','1974-05-23','Lake Vita','Jamaica','2012-03-15 08:17:27','2016-12-08 05:03:34'),(82,'','2018-02-07','Cruickshankborough','Sierra Leone','2016-04-22 14:48:51','2012-10-27 11:24:50'),(83,'','2005-04-22','Conroychester','Armenia','2012-06-17 05:46:56','2016-09-29 16:38:10'),(84,'m','2007-01-09','Port Coleman','Finland','2011-04-25 05:56:13','2018-04-01 23:35:02'),(85,'','1985-04-28','Eastermouth','United States Virgin Islands','2017-04-02 20:32:03','2015-07-14 05:59:32'),(86,'','1999-11-21','Lake Anahi','Czech Republic','2017-08-23 01:30:22','2015-10-23 17:27:36'),(87,'m','2002-07-24','Dorcasstad','Ethiopia','2020-06-13 15:39:34','2011-07-12 05:40:01'),(88,'','2006-07-09','Gleasonville','Saint Martin','2019-09-01 09:48:42','2015-04-25 18:15:03'),(89,'','1971-06-16','Cassandratown','Spain','2012-04-27 19:28:36','2017-03-17 00:16:16'),(90,'','2019-04-12','Lake Gastonview','Bahrain','2013-07-10 22:29:49','2019-02-07 18:28:05'),(91,'','1975-10-04','New Sherwoodview','Tonga','2016-06-03 14:00:28','2014-10-07 12:19:06'),(92,'m','1978-12-14','Hillsbury','British Indian Ocean Territory (Chagos Archipelago)','2015-06-27 05:46:15','2014-03-09 15:50:26'),(93,'m','1985-01-11','Reynoldsmouth','Canada','2013-07-08 03:31:03','2013-12-20 05:43:19'),(94,'m','2020-05-11','Kieranbury','Solomon Islands','2012-02-06 17:25:28','2014-01-26 22:08:29'),(95,'m','1983-09-20','Luciushaven','Libyan Arab Jamahiriya','2017-12-26 21:12:56','2011-04-19 09:20:27'),(96,'m','1992-02-21','Creminstad','Saint Pierre and Miquelon','2016-03-16 11:54:09','2020-03-14 16:43:01'),(97,'m','2008-09-12','New Jesston','Congo','2017-07-02 19:22:34','2018-01-19 03:26:10'),(98,'','2020-06-29','Raymundoview','Mayotte','2013-08-28 18:05:12','2019-02-18 21:35:15'),(99,'m','2007-04-30','West Augustus','Cayman Islands','2016-07-16 04:22:49','2017-03-28 15:02:19'),(100,'','2003-10-11','Annamaeview','Samoa','2013-09-25 06:53:22','2013-03-27 08:18:42');
/*!40000 ALTER TABLE `profiles` ENABLE KEYS */;
UNLOCK TABLES;

--
-- Table structure for table `users`
--

DROP TABLE IF EXISTS `users`;
/*!40101 SET @saved_cs_client     = @@character_set_client */;
/*!50503 SET character_set_client = utf8mb4 */;
CREATE TABLE `users` (
  `id` int unsigned NOT NULL AUTO_INCREMENT COMMENT '╨Ш╨┤╨╡╨╜╤В╨╕╤Д╨╕╨║╨░╤В╨╛╤А ╤Б╤В╤А╨╛╨║╨╕',
  `first_name` varchar(100) CHARACTER SET utf8mb4 COLLATE utf8mb4_unicode_ci NOT NULL COMMENT '╨Ш╨╝╤П ╨┐╨╛╨╗╤М╨╖╨╛╨▓╨░╤В╨╡╨╗╤П',
  `last_name` varchar(100) CHARACTER SET utf8mb4 COLLATE utf8mb4_unicode_ci NOT NULL COMMENT '╨д╨░╨╝╨╕╨╗╨╕╤П ╨┐╨╛╨╗╤М╨╖╨╛╨▓╨░╤В╨╡╨╗╤П',
  `email` varchar(100) CHARACTER SET utf8mb4 COLLATE utf8mb4_unicode_ci NOT NULL COMMENT '╨Я╨╛╤З╤В╨░',
  `phone` varchar(100) CHARACTER SET utf8mb4 COLLATE utf8mb4_unicode_ci NOT NULL COMMENT '╨в╨╡╨╗╨╡╤Д╨╛╨╜',
  `created_at` datetime DEFAULT CURRENT_TIMESTAMP COMMENT '╨Т╤А╨╡╨╝╤П ╤Б╨╛╨╖╨┤╨░╨╜╨╕╤П ╤Б╤В╤А╨╛╨║╨╕',
  `updated_at` datetime DEFAULT CURRENT_TIMESTAMP ON UPDATE CURRENT_TIMESTAMP COMMENT '╨Т╤А╨╡╨╝╤П ╨╛╨▒╨╜╨╛╨▓╨╗╨╡╨╜╨╕╤П ╤Б╤В╤А╨╛╨║╨╕',
  PRIMARY KEY (`id`),
  UNIQUE KEY `email` (`email`),
  UNIQUE KEY `phone` (`phone`)
) ENGINE=InnoDB AUTO_INCREMENT=101 DEFAULT CHARSET=utf8mb4 COLLATE=utf8mb4_unicode_ci COMMENT='╨Я╨╛╨╗╤М╨╖╨╛╨▓╨░╤В╨╡╨╗╨╕';
/*!40101 SET character_set_client = @saved_cs_client */;

--
-- Dumping data for table `users`
--

LOCK TABLES `users` WRITE;
/*!40000 ALTER TABLE `users` DISABLE KEYS */;
INSERT INTO `users` VALUES (1,'Demario','Oberbrunner','rluettgen@example.org','102-421-7161x5401','2012-07-11 13:21:36','2017-05-27 07:16:20'),(2,'Rogers','Jacobi','deshaun16@example.org','04612370568','2018-12-11 02:04:35','2012-03-01 01:40:20'),(3,'Quinn','Moore','wilkinson.ryleigh@example.org','(252)493-5640x9968','2019-07-20 17:29:16','2018-12-06 08:04:45'),(4,'Jana','Funk','hwilkinson@example.net','562-102-9961','2012-01-16 19:10:35','2014-10-05 06:07:31'),(5,'Cleo','Wiegand','edison31@example.net','(600)273-1931','2019-09-20 10:06:19','2021-01-07 15:36:23'),(6,'Margot','Ferry','kiel97@example.com','594-378-2758x5104','2015-02-07 06:26:11','2019-12-23 12:39:41'),(7,'Delilah','Keeling','ntreutel@example.org','(953)428-0746','2020-06-02 09:43:35','2020-11-16 19:28:46'),(8,'Kody','Haley','vwalter@example.net','598.372.9051x12407','2016-11-21 04:09:45','2017-09-24 15:00:55'),(9,'Clair','Auer','moises92@example.org','551.203.2714x4952','2011-08-13 03:52:03','2015-02-17 20:25:18'),(10,'Moriah','Okuneva','jake.stehr@example.org','1-696-187-6459x041','2019-06-14 05:07:01','2020-09-22 08:37:12'),(11,'Christ','Batz','nannie59@example.com','234-569-9892x2472','2020-05-29 11:54:06','2011-08-28 05:59:40'),(12,'Pat','Torphy','howell.kaylin@example.com','1-599-310-1944x671','2020-12-19 21:17:46','2017-03-17 09:03:00'),(13,'Neoma','Lebsack','susana59@example.net','1-548-112-1693x14401','2012-10-10 07:46:15','2011-07-31 15:45:56'),(14,'Bettie','Bashirian','leichmann@example.com','(489)829-8468','2015-09-14 17:15:58','2017-07-28 08:06:38'),(15,'Westley','Nikolaus','bryon59@example.net','040.997.5153x3491','2021-01-26 21:35:04','2014-05-15 18:43:39'),(16,'Leatha','Hayes','uschowalter@example.net','332.055.5298x1401','2020-06-02 09:41:18','2019-03-01 03:11:05'),(17,'Kris','Lemke','bkemmer@example.org','020.302.8827','2012-02-15 23:48:42','2014-05-09 01:10:17'),(18,'Lorenzo','Waelchi','ruth06@example.com','(072)672-0134x66542','2019-10-23 07:17:45','2012-09-22 22:23:13'),(19,'Arielle','Parker','zelma.walker@example.net','501.092.5636x458','2015-11-16 20:50:59','2014-08-22 23:51:18'),(20,'Rita','Maggio','nicolas.amos@example.com','09549765450','2020-08-11 16:18:19','2019-08-24 20:22:17'),(21,'Marvin','Kunde','breitenberg.shayna@example.net','565.131.1225','2013-10-16 20:01:06','2014-04-11 05:20:04'),(22,'Valentine','Orn','lynch.berneice@example.com','+14(4)0387566089','2013-12-05 01:43:02','2020-06-23 07:55:57'),(23,'Alexanne','Nolan','stanton.weissnat@example.com','512.588.7343x331','2017-09-19 04:48:09','2013-01-03 06:37:28'),(24,'Elody','Langworth','madonna.goldner@example.net','303-106-7182x27080','2019-09-10 05:47:22','2014-11-03 22:34:35'),(25,'Hobart','Willms','xkessler@example.net','(541)099-6062x103','2013-05-28 10:24:44','2017-09-16 17:40:05'),(26,'Ressie','Kohler','esta.littel@example.org','396-810-4360','2018-04-07 14:59:41','2015-01-06 06:18:34'),(27,'Eleanore','Block','marina50@example.org','964.201.6197x66091','2011-04-03 07:03:57','2017-09-10 23:34:54'),(28,'Jennie','Bednar','koelpin.jody@example.net','137-810-4701x9038','2017-09-07 04:51:50','2018-06-09 15:27:42'),(29,'Erin','Donnelly','vdickinson@example.net','640.137.3784','2012-11-27 01:22:33','2021-02-10 14:55:25'),(30,'Raoul','Simonis','taurean.vandervort@example.com','1-047-126-3863','2020-12-13 14:29:49','2017-11-29 06:01:50'),(31,'Reymundo','Harvey','watsica.toni@example.net','09142816914','2015-10-21 12:47:48','2020-01-27 03:55:53'),(32,'Bernhard','Zulauf','lula24@example.net','721.455.6594x47137','2018-10-29 03:06:26','2018-06-08 19:22:17'),(33,'Kiarra','Botsford','kali.hettinger@example.com','1-964-195-5460','2015-05-17 11:19:55','2017-10-21 08:15:16'),(34,'Germaine','Harber','adrianna.doyle@example.org','05969175047','2013-09-09 10:15:13','2016-11-09 16:39:42'),(35,'Loyal','Wiza','halie59@example.org','(187)614-3679','2015-10-28 04:42:37','2013-04-27 00:39:55'),(36,'Haven','Stracke','bart.rau@example.org','557.053.4135','2012-02-17 09:42:41','2019-11-20 12:20:58'),(37,'Lavina','Larkin','jameson54@example.net','354.086.5412x557','2011-12-20 22:38:16','2020-01-14 19:03:56'),(38,'Christopher','Steuber','ykling@example.org','1-822-110-8465x593','2020-04-07 08:52:33','2012-09-22 13:53:23'),(39,'Meta','Pfannerstill','west.kyler@example.org','738-259-8164x07762','2016-12-10 02:15:15','2013-08-05 01:51:44'),(40,'Yadira','Kling','greta.wilderman@example.com','(260)249-9529','2017-12-06 07:30:35','2019-05-04 11:33:04'),(41,'Wyman','Beatty','nschulist@example.org','+90(3)5787552739','2012-06-25 16:55:33','2011-11-20 16:30:36'),(42,'Arturo','Pagac','berta.tillman@example.org','(179)906-0999x199','2018-04-27 12:59:50','2019-07-02 21:35:07'),(43,'Tess','Breitenberg','deshaun12@example.com','01442331600','2019-12-09 11:59:34','2012-12-05 21:09:18'),(44,'Casimir','Glover','armstrong.kaya@example.com','029-924-3099x5486','2020-09-22 20:38:49','2020-04-04 19:55:46'),(45,'Cornell','Wilderman','laura.conroy@example.net','1-281-308-8232x63464','2014-02-18 13:21:25','2014-10-06 16:33:13'),(46,'Rodrigo','Adams','lenny52@example.com','314-215-9651','2020-03-10 12:02:56','2013-09-29 19:21:15'),(47,'Queen','McDermott','xweimann@example.net','(794)515-0155','2012-12-26 13:50:22','2020-12-31 12:57:13'),(48,'Lyric','Wyman','ola62@example.net','1-797-389-0051','2016-05-16 04:20:00','2017-09-29 23:24:01'),(49,'Bernadette','Yundt','tschultz@example.net','678.847.0062x6245','2021-01-26 11:41:20','2011-12-14 14:45:01'),(50,'Lelah','Harvey','mueller.hank@example.net','1-561-712-9187','2013-10-21 23:58:27','2011-07-18 03:29:26'),(51,'Addie','Padberg','fsenger@example.org','(274)421-1410x4464','2011-09-14 10:16:41','2012-11-22 11:19:39'),(52,'Noah','Turner','randall.wuckert@example.net','923.595.8364x56045','2013-05-02 06:27:35','2011-12-07 20:02:46'),(53,'Verna','Nolan','august66@example.com','602.183.5617x872','2016-09-05 07:09:53','2011-08-27 07:44:31'),(54,'Lonzo','Graham','ebony.hintz@example.org','06551119824','2013-06-20 08:02:25','2018-02-13 06:00:09'),(55,'Ari','Douglas','helmer16@example.org','1-210-861-3870','2017-11-17 21:35:22','2013-05-09 17:26:58'),(56,'Chester','Wolff','maximillia.nikolaus@example.org','+94(4)1626850649','2015-08-07 04:15:07','2015-08-31 11:54:28'),(57,'Rashawn','Schinner','bradtke.foster@example.com','817-196-7659','2014-05-29 16:11:40','2019-02-13 16:56:23'),(58,'Haskell','Parisian','rory.pacocha@example.org','(751)047-6324','2016-12-10 15:40:44','2015-09-05 05:23:25'),(59,'Frankie','Marquardt','kaci04@example.net','02456773997','2012-06-28 22:28:33','2015-09-29 11:38:48'),(60,'Ruth','Sipes','kprohaska@example.net','+13(2)2254055355','2019-11-29 05:39:51','2019-12-01 13:07:11'),(61,'Olaf','Schneider','uzboncak@example.org','120.027.5306x336','2011-10-16 21:00:30','2019-10-07 20:45:55'),(62,'Frank','Lowe','braeden.glover@example.net','535-740-9215','2016-01-29 08:57:14','2015-01-08 20:22:22'),(63,'Damian','Casper','schuppe.ian@example.net','(850)684-9884x459','2015-06-20 11:56:40','2012-09-29 19:53:43'),(64,'Hilma','Kunde','rboyer@example.org','+80(6)8389925928','2013-09-09 21:48:27','2015-10-19 19:08:39'),(65,'Winfield','Sauer','mya86@example.com','(328)552-1806x195','2013-09-11 08:59:55','2018-10-10 07:55:29'),(66,'Alia','Frami','langosh.jermain@example.com','142-682-0235','2014-05-12 21:48:50','2015-04-19 20:16:19'),(67,'Skyla','Hickle','yundt.jerod@example.net','1-995-787-4518','2014-11-23 15:32:49','2012-07-04 01:26:44'),(68,'Margarette','Champlin','korn@example.net','634-592-1912','2015-02-24 14:24:27','2019-03-04 02:10:45'),(69,'Sammy','Rodriguez','wgreenholt@example.net','492.634.2854x388','2012-09-30 12:17:34','2015-02-06 05:59:31'),(70,'Shemar','Schiller','tgleason@example.net','08415644667','2017-09-12 02:21:08','2019-04-12 18:06:50'),(71,'Adah','Crist','dessie91@example.org','1-981-014-5754','2012-05-20 01:04:12','2017-06-01 06:03:39'),(72,'Kristin','Wunsch','flebsack@example.org','01540254759','2020-01-24 08:59:51','2019-07-31 07:18:23'),(73,'Madalyn','Pollich','osinski.deanna@example.net','983.830.3524x6085','2019-11-21 12:51:46','2019-01-11 06:34:50'),(74,'Isabel','Bergstrom','konopelski.christine@example.net','605-000-9832','2011-05-13 05:08:39','2013-07-31 13:35:33'),(75,'Neva','Lebsack','hayes.eldora@example.net','803-681-0179','2013-10-29 23:47:47','2018-05-12 22:45:29'),(76,'Gia','Kertzmann','britchie@example.com','030.104.0280x90200','2019-04-28 01:45:04','2011-08-16 22:50:29'),(77,'Keanu','Klein','bailee07@example.com','424.871.4754','2012-12-24 02:44:38','2013-04-26 21:35:28'),(78,'Phyllis','Schmeler','reta84@example.org','1-006-961-5086x446','2016-06-18 14:45:05','2012-02-05 21:29:57'),(79,'Victoria','Weimann','esteban61@example.com','(783)599-2923x9657','2015-09-15 13:48:44','2016-11-14 09:10:39'),(80,'Thora','Dicki','bethel.leuschke@example.org','1-442-926-4828','2014-05-30 07:21:47','2018-03-23 03:47:24'),(81,'Vada','Becker','gschmeler@example.org','558.836.2128x7638','2015-08-24 00:23:45','2017-05-24 17:05:33'),(82,'Judy','Kohler','gpfannerstill@example.com','946.194.8348x56683','2017-07-21 15:51:04','2016-04-07 16:49:00'),(83,'Francesca','Yost','berge.kiara@example.com','123.158.3887','2016-08-29 22:18:42','2011-06-21 02:14:23'),(84,'Nickolas','Becker','natalia.robel@example.com','714-626-0813x37071','2015-09-12 03:19:26','2017-01-19 09:20:21'),(85,'Desmond','Ledner','bertha47@example.com','194.942.0874x067','2019-01-29 08:31:20','2017-07-18 14:54:42'),(86,'Deondre','Macejkovic','morar.helen@example.net','088.850.8931','2015-12-05 10:30:26','2012-02-12 10:43:31'),(87,'Frida','Mann','joanny.harris@example.org','004.655.2569x82613','2012-04-23 03:33:57','2020-09-19 20:09:15'),(88,'Elvis','Kunde','johnson06@example.org','(878)479-9261x15383','2020-09-14 19:10:59','2014-05-11 05:59:15'),(89,'Bartholome','Ryan','aileen.nienow@example.org','498-726-2722x48569','2013-04-05 14:07:32','2015-11-19 00:26:32'),(90,'Albert','Hills','mosciski.august@example.net','1-933-842-8851','2011-07-22 00:27:59','2019-12-12 05:46:44'),(91,'Zackary','Robel','shaylee75@example.org','528-333-3208x201','2014-06-28 14:14:50','2017-10-31 11:00:03'),(92,'Hiram','Marvin','cristopher.shanahan@example.com','1-883-365-3238x17977','2021-02-02 12:32:42','2013-04-15 10:54:03'),(93,'Josie','Turner','oherman@example.org','(567)120-7342','2013-04-27 17:58:29','2012-12-19 23:10:37'),(94,'Estrella','Stiedemann','nienow.katelin@example.com','736-769-7009','2015-10-15 03:44:46','2016-01-28 16:47:25'),(95,'Josefina','Bernhard','norwood59@example.net','(829)884-1192x240','2020-05-23 15:57:31','2016-07-17 17:54:33'),(96,'Cristopher','Mills','kaleigh.schamberger@example.com','03601933380','2017-12-01 18:46:19','2013-07-05 08:58:26'),(97,'Jo','Rice','cole.christy@example.net','874-713-5004x536','2017-06-27 03:37:52','2014-11-21 15:22:31'),(98,'Domenic','Turner','kelvin.gerhold@example.com','614.119.2206x4013','2017-06-03 15:16:44','2016-08-23 14:02:15'),(99,'Wilfred','Rempel','roselyn.medhurst@example.org','795.788.0707x0159','2014-03-16 00:10:13','2011-09-30 12:32:56'),(100,'Rudy','Mueller','jermaine47@example.org','(792)781-1159','2017-04-11 14:49:48','2017-11-30 11:41:42');
/*!40000 ALTER TABLE `users` ENABLE KEYS */;
UNLOCK TABLES;

--
-- Dumping routines for database 'vk'
--
/*!40103 SET TIME_ZONE=@OLD_TIME_ZONE */;

/*!40101 SET SQL_MODE=@OLD_SQL_MODE */;
/*!40014 SET FOREIGN_KEY_CHECKS=@OLD_FOREIGN_KEY_CHECKS */;
/*!40014 SET UNIQUE_CHECKS=@OLD_UNIQUE_CHECKS */;
/*!40101 SET CHARACTER_SET_CLIENT=@OLD_CHARACTER_SET_CLIENT */;
/*!40101 SET CHARACTER_SET_RESULTS=@OLD_CHARACTER_SET_RESULTS */;
/*!40101 SET COLLATION_CONNECTION=@OLD_COLLATION_CONNECTION */;
/*!40111 SET SQL_NOTES=@OLD_SQL_NOTES */;

-- Dump completed on 2021-02-12 16:49:50
